Age,Gender,Height,Weight,FAVC,FCVC,NCP,CH2O,FAF,TUE,CALC,MTRANS,NObeyesdad,BMI
52,0,1.4663187263200372,51.28596925044828,0,3,1,2.9087387244564717,3,0.5820067268005631,3,4,Normal_Weight,23.85293395531203
42,0,1.964912512467012,146.51948128640726,1,1,2,2.8426459341936265,2,1.0412449303429037,2,1,Obesity_Type_III,37.94975146679131
28,0,1.5669951088799743,80.34816911655457,0,1,1,1.1079985843620779,1,0.7826656729323853,2,0,Obesity_Type_II,32.72206501629027
56,0,1.8390357741723324,45.775311269409904,0,2,1,1.7206422753831254,0,1.919856241167003,0,2,Insufficient_Weight,13.5347722143337
21,1,1.8541760891879129,123.33898001433428,0,3,1,2.626286780598673,0,0.6700983418769648,0,2,Obesity_Type_III,35.87553613798799
34,1,1.9425064209438316,68.14127096781039,1,3,4,2.223153090958802,3,1.557091642845378,0,1,Insufficient_Weight,18.05865094766541
52,0,1.4661912122594913,69.68996185894362,0,1,3,2.558187886763541,2,1.71083230926236,0,2,Obesity_Type_II,32.418207851335914
32,1,1.912185619376914,77.5619429448252,0,3,3,2.438066677579775,2,0.8712129949619318,1,0,Normal_Weight,21.212340228041572
36,0,1.7294298758450941,47.02428070531711,1,2,4,1.9935402262543271,1,0.7563436289058625,3,0,Insufficient_Weight,15.722306084700305
24,0,1.7852483782818886,61.31802016898001,1,2,3,1.082436091903399,1,1.495491641865256,2,4,Normal_Weight,19.239369232243547
24,1,1.7915692468741478,39.6475930757806,1,3,4,2.168536404129002,0,1.8257919606124682,1,3,Insufficient_Weight,12.352351155414189
37,1,1.8844928366419056,95.12159965932914,0,1,2,1.097133306118592,3,1.5098634661444765,3,2,Overweight_Level_I,26.784908265426825
49,1,1.6267058807443284,49.61617755466438,1,3,4,2.2074534350702617,2,0.4542527311837312,3,1,Normal_Weight,18.750170863329046
53,1,1.8385171306257964,125.01422823556908,0,2,3,2.600821724987356,1,1.7766154948754107,1,0,Obesity_Type_III,36.9848688070564
37,1,1.7301463981527645,68.6884792501477,0,1,3,2.1699834974038374,1,0.7751633348736662,1,0,Normal_Weight,22.946592083420114
16,1,1.8704988275818342,157.89034214843232,1,3,2,2.994043609123394,3,1.1524588235558686,2,0,Obesity_Type_III,45.12743872737993
35,1,1.9749893973681707,148.77770505223023,0,1,4,1.9117330003608661,3,1.662871238585422,0,3,Obesity_Type_III,38.14242652596937
15,0,1.5563450392239935,75.46955276599424,0,1,2,2.497654927207975,0,0.3767895348009844,0,3,Obesity_Type_II,31.15731355665486
37,0,1.9771637800267987,137.68514728674154,0,2,1,2.3344265834838147,3,1.5690202713551062,2,2,Obesity_Type_III,35.22100966917491
57,0,1.4976004417698703,140.20885798776558,0,1,4,2.982863383116176,0,1.192325595821355,2,1,Obesity_Type_III,62.51489886878106
43,0,1.4512283003895512,163.3069523784157,1,3,2,2.42643801015421,0,1.7866832836552164,0,3,Obesity_Type_III,77.54132113614874
51,0,1.4734058261742504,114.3278383425563,0,1,2,1.3280614629187788,3,0.3439408036870859,1,4,Obesity_Type_III,52.66319777750299
15,1,1.6311446745104836,49.32768256510144,1,1,3,2.9110354128344818,3,0.8413644740818569,0,3,Normal_Weight,18.53982999805801
34,0,1.7854403552595701,120.501490844724,0,3,4,2.3355544528915226,3,1.6656861857336749,3,0,Obesity_Type_III,37.8008640241952
46,0,1.4865856566705602,117.74744829538044,0,2,1,1.1186764616127798,3,0.03846340691352035,3,1,Obesity_Type_III,53.280909294960395
25,0,1.4530028817006706,119.4321727549744,1,2,1,2.315136611569225,3,0.2244027335312857,2,2,Obesity_Type_III,56.57028698833435
35,0,1.946658245083161,77.70035166113065,0,3,4,2.76623881334955,0,1.9811304255134694,0,3,Normal_Weight,20.504234365572813
57,0,1.8856211170481627,147.31962772012196,0,3,4,2.15408372398005,1,0.5607883571807011,0,0,Obesity_Type_III,41.43351196645175
38,0,1.8788670807036865,159.89349505238192,0,2,2,1.7080392760640224,2,1.9510863874479067,3,4,Obesity_Type_III,45.293791973352846
40,0,1.9187448660160478,66.43177663524709,0,1,3,2.641819268141232,2,0.3650631020173478,0,4,Insufficient_Weight,18.044356786263574
55,1,1.8210181645692152,50.1071719252172,0,3,3,2.565024016411659,0,0.7221888860146712,2,2,Insufficient_Weight,15.110239076329101
41,1,1.505334188766483,63.51141417922899,0,1,3,2.0883643084626016,0,1.5057388890071413,2,2,Obesity_Type_I,28.027601397483835
29,0,1.6615230996790733,142.38956954622057,1,3,4,1.3087235397918007,1,1.315556814476357,3,3,Obesity_Type_III,51.57810833966493
28,1,1.8332692278262537,124.25722398730079,1,2,3,1.5019729710463627,3,1.1622447998581111,0,2,Obesity_Type_III,36.9716769396864
60,1,1.598577264219506,119.14196513472996,1,1,2,2.4769679443722117,0,1.0597983516100151,0,0,Obesity_Type_III,46.62270801003676
57,1,1.8143253729922058,89.62593502378749,0,1,4,2.612164330789855,2,1.6868808873294805,3,0,Overweight_Level_I,27.22722317724582
16,1,1.4629841775818557,111.80632441044091,0,3,4,1.5585305560819795,3,0.46989712566678543,1,0,Obesity_Type_III,52.2380686842552
50,0,1.6122527906661843,77.7921397845703,0,1,3,1.7359701543735733,0,0.8849418539870368,1,3,Obesity_Type_I,29.927431323903622
20,1,1.7410390782269014,99.12721000666312,1,3,1,1.1552637704995903,3,0.31090458431291457,0,3,Obesity_Type_II,32.70211524115564
34,1,1.7850076096383083,138.92594157470265,0,2,1,2.4269238967329994,2,1.1918831914614088,2,2,Obesity_Type_III,43.60167818379607
22,1,1.7558315521648127,162.63644127938824,1,1,2,1.0071550892000627,3,0.5010888485426404,1,3,Obesity_Type_III,52.7536076198885
52,0,1.8198108263189177,156.49360437231502,0,3,3,1.0930830424381361,0,0.6676841286867716,0,0,Obesity_Type_III,47.254601446431316
31,0,1.4532270365671147,156.66710879862734,0,1,3,1.0086881355681798,0,0.9425014332470563,1,1,Obesity_Type_III,74.18410998309504
17,0,1.5034988359880863,89.68019059073616,0,3,4,2.2906391666752333,2,0.053541171406255694,3,0,Obesity_Type_III,39.672569547883946
38,0,1.910540453707947,98.06752494385566,1,3,4,1.834774255401093,1,0.1838758718416753,1,1,Overweight_Level_II,26.866601821745487
27,0,1.8113267813677854,127.91005994249167,0,3,3,1.5950935226866605,1,1.3718584414164392,1,2,Obesity_Type_III,38.98621608713819
22,0,1.509853770623586,155.19618293446183,1,2,4,2.825402020714221,3,0.8579399614350145,3,4,Obesity_Type_III,68.07870088977985
39,0,1.896299451821247,56.891276678362665,0,1,3,1.3856055893532133,0,1.7295804439997908,2,3,Insufficient_Weight,15.820923870245498
15,1,1.5783825454470204,77.33447484222667,0,2,2,1.7787360207628011,0,1.389344007288399,0,3,Obesity_Type_II,31.041921867026335
33,1,1.7034777386234685,56.545102418857795,1,3,4,2.880623601855503,2,0.016201883294644892,2,0,Normal_Weight,19.485971815027238
41,1,1.5269541518288698,116.11307477489137,0,3,3,1.8542131256740848,2,1.2334246615342697,2,0,Obesity_Type_III,49.79997575982613
60,0,1.8263583299035044,77.59392560782973,0,2,4,2.1093873712941154,0,0.18744973211943283,1,1,Normal_Weight,23.26246563702377
20,0,1.803432843137562,80.08958941658426,0,2,2,1.1606737331389751,2,1.5618663595809885,0,3,Normal_Weight,24.624993137709996
57,0,1.5618896097180521,47.93541089548538,0,1,4,2.5803327737869246,1,1.983015376557004,1,2,Normal_Weight,19.649693601087307
21,0,1.907602406434211,83.07430378775658,1,3,3,1.8455175541764763,1,1.062397588483023,3,0,Normal_Weight,22.829215466428447
60,0,1.6626921928364475,147.67455993259975,1,2,4,2.601030249196967,3,1.3655590003882607,2,3,Obesity_Type_III,53.417304621683684
48,1,1.6050329982674931,68.3671742982452,0,3,4,1.5075952851119843,2,0.4746283217895031,2,4,Overweight_Level_I,26.538703301442265
27,1,1.5307346824162038,126.59362074246827,0,3,3,1.84495750112282,3,0.8751954875075871,3,1,Obesity_Type_III,54.02713983706578
30,0,1.591069046633235,118.33317146226267,1,1,1,2.5730978727300204,2,1.7121906644727674,0,0,Obesity_Type_III,46.74427739279658
49,0,1.461674268248623,147.79906065450854,0,1,4,2.947755534087279,2,0.33484589549250243,2,0,Obesity_Type_III,69.178393239132
53,0,1.7591264710017414,55.66828140403082,1,1,4,1.1192510487745377,1,0.5310712112275242,2,2,Insufficient_Weight,17.989276052544124
17,0,1.8963822955622924,162.17633500347546,0,2,2,2.6249123548378086,0,0.8908673505720603,0,0,Obesity_Type_III,45.09575863689904
15,1,1.7409596382040702,112.41120940108607,1,3,1,1.6013781352542205,2,1.424497783688028,1,3,Obesity_Type_III,37.0878975736343
19,0,1.566215199819654,164.42974319569862,1,2,2,2.1014865617821443,2,0.7517679095913476,3,3,Obesity_Type_III,67.03127956049357
55,0,1.4678446644533525,153.8508554590972,1,2,3,1.5801845299014958,2,1.8554645595660078,0,3,Obesity_Type_III,71.40682419368298
17,0,1.5637528788271655,66.91117628625133,1,1,3,2.22689094513598,0,0.18891410253743834,3,4,Overweight_Level_II,27.362918714295578
42,0,1.670544356877679,46.07641324781745,0,3,2,1.707605661287951,3,0.741608395089695,3,4,Insufficient_Weight,16.510591842739935
31,1,1.852594057210892,71.21052581821556,0,3,4,1.667229781955363,3,1.4179082468568438,2,0,Normal_Weight,20.748354492626813
39,0,1.5495567118450202,105.47301977392691,1,1,1,1.075876625871871,2,0.4519735313229849,0,4,Obesity_Type_III,43.926482672008916
57,0,1.8314894702779836,60.621142250213936,1,3,2,1.293920811807623,2,1.312826268459346,3,4,Insufficient_Weight,18.072376391427063
47,1,1.9094747382264983,60.09992780926655,1,1,2,2.8341563977309576,3,0.3284339164546919,1,2,Insufficient_Weight,16.48337412660674
23,1,1.6905918294974291,97.2867869352493,1,2,3,2.9965548577464927,3,0.11196056972337276,3,4,Obesity_Type_II,34.0389636303466
49,1,1.8853589555705743,43.19176436733916,0,2,4,2.5610411517392127,1,0.24203143349729772,2,1,Insufficient_Weight,12.15102316281545
27,0,1.7439683944586006,54.35789839906608,1,1,1,1.5736252495469736,2,1.8599695662682694,1,1,Insufficient_Weight,17.872505421111413
44,0,1.7876581436528796,91.3985287654014,1,2,2,1.804890276887185,3,1.1035017658791026,1,1,Obesity_Type_I,28.60027846678907
28,1,1.7289275839792473,46.954368560203775,1,2,1,2.479006909812165,1,1.592691550959298,0,0,Insufficient_Weight,15.708054450312854
21,1,1.695481539878211,88.99113711339669,1,1,1,2.937027113766396,0,0.6653090018101024,1,3,Obesity_Type_II,30.957125294340308
27,1,1.5743663241412,98.72478950950408,1,2,2,1.9109423414587352,2,1.1853172957708933,0,2,Obesity_Type_III,39.83039682849728
36,1,1.6106928515143544,95.85959337321242,1,3,1,2.6590448305767493,3,0.9899042674099832,0,0,Obesity_Type_III,36.94963221942725
53,1,1.6036841630401129,148.51603203278898,1,2,3,2.9501378451974336,2,1.891475918804588,1,3,Obesity_Type_III,57.74782831682217
34,1,1.7485431334055217,105.78786933651828,0,1,4,2.7469463421120084,1,1.4951492721082207,0,2,Obesity_Type_II,34.60056336830106
29,0,1.5135754573026616,97.96553827223346,1,3,4,1.4542994935426539,3,1.461085262993158,0,2,Obesity_Type_III,42.76270557866385
58,0,1.9358995960722376,90.74936491934994,1,3,4,1.0160637277512459,0,0.09270653886855906,1,2,Normal_Weight,24.21463549866368
31,0,1.8319472270000499,142.02054566636525,1,2,3,1.9841634107768302,0,1.0993393380073821,2,1,Obesity_Type_III,42.31801219789006
60,1,1.6627661843839925,151.77713210397897,0,3,3,2.0627216633905334,1,0.9339829078036297,3,1,Obesity_Type_III,54.896413879945825
37,1,1.5340707965989804,146.5085511188368,0,1,3,1.4025007291023392,0,1.855684533212389,0,1,Obesity_Type_III,62.25470340187636
39,1,1.917455849952467,123.86686884455524,0,3,4,1.5693487838936353,0,0.5146839763790645,0,2,Obesity_Type_II,33.69026395135456
38,1,1.8866023877536175,56.30757999205295,1,2,1,2.530306321697094,0,0.5396669065821886,1,2,Insufficient_Weight,15.819986295756406
58,1,1.832512422940105,73.88561615599355,1,2,3,1.9406945174262675,0,0.8226924977630008,3,1,Normal_Weight,22.00219677407667
54,1,1.5939199351279585,44.80394602392916,1,3,2,1.6347081672005133,0,0.48673942681275206,3,2,Insufficient_Weight,17.635316592342058
42,0,1.6632967178398446,156.28383344875436,0,1,3,2.2452520547238386,0,0.258367835617499,0,1,Obesity_Type_III,56.490392767900644
28,0,1.5044565737997844,122.26061474105471,1,1,2,2.3055195119522507,0,1.7148296933016016,1,1,Obesity_Type_III,54.01660221867205
58,1,1.5501909481055918,133.04172342346843,0,2,4,2.5387915536816044,3,1.1165530488078317,2,1,Obesity_Type_III,55.362726343791614
14,0,1.8649988177778685,78.25803918736085,0,2,2,1.3134185915258383,0,1.7227254379131336,3,3,Normal_Weight,22.499446816373993
38,1,1.8289705209908624,145.55234380694515,0,1,3,2.483034504653981,3,1.6622695308073918,2,2,Obesity_Type_III,43.51167399190663
20,0,1.7645474543772455,71.71001374726829,0,3,3,2.198856784220837,2,0.5640847095793422,1,0,Normal_Weight,23.03101726499117
22,1,1.9247351647408717,39.20711339616866,0,3,1,1.1151437306055942,1,1.095474888648548,2,1,Insufficient_Weight,10.583343861815846
37,1,1.7591312544409141,86.42828527760744,1,3,4,2.5548912565068225,0,0.1664354054801409,1,0,Obesity_Type_I,27.92925859861619
14,0,1.6974930399807135,110.91594660084326,1,3,2,1.7661605626663701,1,1.8305037680615168,0,3,Obesity_Type_III,38.492665477435665
57,0,1.6303964955420542,99.31681210365585,0,1,4,1.660761868659275,0,0.8085254301303062,2,2,Obesity_Type_III,37.36253240135855
21,1,1.9484377080401714,147.62159396465123,1,2,3,1.8961503031632687,3,0.7873523677780427,0,1,Obesity_Type_III,38.88452862698152
37,1,1.4938391946079073,52.281066030477035,1,2,1,1.6923501546122581,0,0.6055107412359064,0,1,Normal_Weight,23.428081940447797
24,0,1.9433703071922284,108.78175351984942,0,3,3,1.6765711844198181,2,0.9213274894214076,1,1,Obesity_Type_I,28.80347785522233
30,0,1.8881587697634397,103.63539807743433,0,1,3,2.616155335401251,1,0.5035187730908961,2,0,Obesity_Type_I,29.06906746375849
21,1,1.5188628600039216,74.45551575369254,1,1,3,1.2490105087313845,1,0.7497045455936091,3,3,Obesity_Type_II,32.27451695721268
48,0,1.7494417095678845,142.60074218470334,1,3,2,2.941200135714917,2,1.5998940971697637,2,2,Obesity_Type_III,46.59323154479914
48,1,1.909270430327016,133.858930641158,1,3,3,2.1098632887486866,3,1.6685110071703437,3,3,Obesity_Type_III,36.720827398227314
46,1,1.7530588567117915,131.3402576038107,1,3,4,1.3658479968426258,3,0.6083649552570323,0,1,Obesity_Type_III,42.73708231544442
18,1,1.9308159054271297,149.40025226196406,0,2,4,1.262430965863373,2,0.9380288611055758,0,3,Obesity_Type_III,40.07463682928658
55,1,1.9497814229125026,130.07085967831165,1,3,1,2.183019064269965,1,1.7476395525601045,1,0,Obesity_Type_II,34.21433900826207
52,0,1.6738637967576822,68.21200275605554,0,2,4,2.265998887693856,0,0.10534666365939427,3,4,Normal_Weight,24.345604824814323
54,0,1.6499762405453515,127.90090166786108,0,1,3,1.1060515420596215,3,1.7782899239915708,2,4,Obesity_Type_III,46.980563896729095
41,0,1.946250211603653,77.77055448712032,1,1,3,1.4860038282575716,0,0.4383686913046634,1,2,Normal_Weight,20.531366228761108
20,0,1.807824232409324,69.51400594378129,1,2,4,2.5909238424429346,1,1.3570784884287517,1,2,Normal_Weight,21.269628759073537
22,0,1.5114920211145297,48.19845270535304,1,2,1,1.099249255487051,0,1.1651033927692005,1,3,Normal_Weight,21.09703282357348
21,0,1.472414627088021,132.74760112380727,0,2,1,2.7101773278120724,2,1.1058814963785042,2,2,Obesity_Type_III,61.23030679550814
25,0,1.7492533970285495,128.5861212056762,0,2,4,2.316324953052667,3,1.7187204495056427,1,0,Obesity_Type_III,42.02315393367708
47,1,1.942990611682365,68.54693418693581,0,3,2,1.8688465187264096,3,0.20314428728932254,2,1,Insufficient_Weight,18.157106090506677
46,0,1.8974518122750839,133.42175610724365,0,1,2,1.6928656979418317,2,0.6940560506512721,1,1,Obesity_Type_III,37.05827005759886
36,0,1.8081993056260983,154.64795126978768,1,3,2,1.038497927697788,2,1.0765054926895312,3,3,Obesity_Type_III,47.29895815343847
37,1,1.5237313999122764,52.611648643938985,0,2,2,2.650429891503686,3,1.6225777078920796,0,1,Normal_Weight,22.66026981028379
50,0,1.5847426333868087,68.31221643673365,0,3,4,1.2854437079370762,3,0.432886166823343,3,3,Overweight_Level_I,27.200750898705355
48,0,1.9140209500728864,133.53286005500175,1,3,1,1.6190839837241762,3,1.6058596827485525,3,2,Obesity_Type_III,36.44976870677176
57,1,1.5468878354281572,73.58784086189186,0,1,3,2.138213960725608,1,0.7992769649878715,1,2,Obesity_Type_II,30.75306541645623
53,0,1.5975728863727303,117.70766075974831,0,3,3,1.4919852001425085,1,0.3778277128673908,3,0,Obesity_Type_III,46.119370047234625
35,0,1.5186883451335842,49.22669228242803,1,1,4,1.9942809275044027,1,1.5179728808869652,3,1,Normal_Weight,21.34338679024305
40,0,1.8083373626496377,95.97751236704588,0,2,3,2.6186856574774047,0,0.18179780294909564,3,0,Obesity_Type_I,29.350167109944
48,1,1.950310621842501,132.1255191711121,0,3,2,1.9410758695805497,1,1.0295347481508859,1,4,Obesity_Type_II,34.73594630358419
14,0,1.5925530567455546,125.50075682344982,0,2,1,2.8979546882391922,3,0.12775156772377683,2,0,Obesity_Type_III,49.4832852050711
48,0,1.701965502160539,141.69908468515166,0,1,4,2.695001240752683,1,0.7128357103155751,0,3,Obesity_Type_III,48.917644775945604
50,1,1.7862000620469383,149.55896795199928,1,2,1,1.6660784707267884,3,1.2021535980127853,0,3,Obesity_Type_III,46.87618497859823
60,0,1.9797171115542842,136.42112115860354,0,2,4,1.7999242491678755,2,1.1122310829744262,2,0,Obesity_Type_II,34.807701074138315
27,1,1.5055482744487132,123.62005561030468,1,1,4,1.8466534540450543,0,0.809310835809333,2,2,Obesity_Type_III,54.538044722917256
16,1,1.7142425237380259,42.99703396881993,0,2,4,2.2523589058490296,0,0.8580959879442314,3,4,Insufficient_Weight,14.631672435595144
14,0,1.654113663548325,106.40580084958995,1,2,4,1.5735914583770796,2,0.4535391067015331,0,0,Obesity_Type_III,38.88970121814377
18,1,1.9088846875678482,43.74991333927145,1,2,1,2.9384982776450173,3,0.9117651768482058,2,2,Insufficient_Weight,12.006538247890392
39,1,1.7022628974361775,140.81654495661883,1,3,3,2.217368441207002,0,1.9065097114416685,3,0,Obesity_Type_III,48.595988167818284
27,0,1.5088180880301285,79.41129008195466,0,2,4,1.798803317482267,1,1.7009058355675808,0,1,Obesity_Type_II,34.88257107204595
52,1,1.7862447970018893,109.86610113885804,0,1,2,2.2900196309831347,3,0.2904657381526876,1,3,Obesity_Type_II,34.43354680654785
40,1,1.8585137276798562,74.21010872218173,0,3,4,1.7908100210594153,0,0.05956157464184186,1,1,Normal_Weight,21.48481019159772
22,0,1.4515270633827757,137.595018191917,1,3,1,2.635591361958838,2,1.8670486254332612,0,1,Obesity_Type_III,65.30590238867065
28,0,1.9052470432729336,150.6993183568797,0,1,4,2.1356819211034423,3,1.0534994997614953,0,4,Obesity_Type_III,41.51534919954546
28,0,1.5485921900030029,89.22895427084606,0,2,2,1.083941006812134,0,1.0756756462986155,1,2,Obesity_Type_III,37.20760139478321
39,1,1.7425967632662902,147.7282215823846,0,3,1,1.3535137348469215,2,1.5614359914130447,1,3,Obesity_Type_III,48.64852347243391
55,0,1.6703726753643486,72.65145093949789,0,3,4,2.7299879460590692,3,0.6293779477426531,0,1,Overweight_Level_I,26.03859448331085
26,1,1.831416522803581,106.36727630751601,1,3,2,2.12579965271358,1,0.9638151376720043,3,3,Obesity_Type_II,31.71274114183863
45,1,1.646715655836443,147.2039401596767,1,2,1,2.90068695302781,3,1.9373258262934752,2,2,Obesity_Type_III,54.28529544406855
52,1,1.9109744836413067,80.06104916958958,0,3,4,1.1448446257213696,1,1.3442973738648143,2,0,Normal_Weight,21.923581375447704
45,1,1.8371630713081588,159.2093253998388,0,1,2,1.5905212601719478,3,0.30749006399157186,0,1,Obesity_Type_III,47.170783290472194
17,1,1.7932879806633484,54.35681722445434,0,2,1,1.3870867464791452,2,0.2664534959687066,2,2,Insufficient_Weight,16.902616736598954
43,1,1.8720075156483127,41.30265878516178,1,1,4,2.1076805844574724,1,0.4085295166660108,1,3,Insufficient_Weight,11.78590221444279
50,1,1.8496322085120425,152.92105442485203,0,1,1,1.7655856621598187,1,1.533423348841435,1,2,Obesity_Type_III,44.69886804154923
36,0,1.4690474977084231,47.6497319346319,1,3,2,1.3145470681527864,3,0.5907540076812321,2,0,Normal_Weight,22.07947721577475
52,0,1.659209207537759,163.97803868938394,1,3,4,2.2855038279190936,0,0.042777693350159574,0,2,Obesity_Type_III,59.56393614597318
58,1,1.9433278675777395,158.87600460936739,0,3,4,2.072596731594373,1,1.8883487270113237,1,3,Obesity_Type_III,42.06938396971225
28,1,1.51663386256588,56.264634664576405,0,1,4,1.549472502592602,3,0.33942683278982133,3,1,Normal_Weight,24.46098866467418
56,0,1.8406611717289871,106.73566283726329,0,2,2,1.9595427155647556,2,0.019116372296137163,3,1,Obesity_Type_II,31.503720754264275
42,1,1.9665336600077246,62.299957480860186,1,3,3,2.4914766300823787,3,0.47426320476664596,1,4,Insufficient_Weight,16.109608325716767
49,0,1.477665273393835,92.9475518017951,1,3,4,1.410543349101317,3,0.4700575742362674,1,3,Obesity_Type_III,42.568252396611584
26,0,1.8115627567321035,46.73956628673892,0,1,2,1.5858114934034582,1,0.8440105016914461,2,4,Insufficient_Weight,14.242227242790264
45,0,1.6981216948895461,67.21449806237028,1,2,1,1.6922219741882303,0,1.8407796630000737,0,4,Normal_Weight,23.309091078141453
20,1,1.7569628853486028,84.77237234626133,0,1,1,2.493452874402063,2,1.7583698355581958,2,0,Overweight_Level_I,27.461810260229388
35,1,1.4952309083366921,94.2695850310029,0,3,2,2.6938451991018137,1,0.9137891099648559,0,3,Obesity_Type_III,42.165287277285834
41,0,1.4727936844894778,162.16452853432054,1,1,3,1.7527769928832218,1,0.821799809983613,3,1,Obesity_Type_III,74.76047247281225
15,0,1.8034393300919884,140.79107135618165,1,3,2,1.5932417236678365,1,1.1100181729497025,3,3,Obesity_Type_III,43.28845047044783
55,0,1.8863539978049804,131.9136529833052,1,2,1,2.7788935167033544,2,0.4869080239435315,0,0,Obesity_Type_III,37.07177268442593
58,0,1.8644681275144726,106.66720565748875,1,1,1,2.9987298643853575,0,0.10436998393272567,2,3,Obesity_Type_II,30.684637063175227
19,0,1.7382170357691058,144.83971783614726,0,3,4,2.340707279323598,2,1.8784482723424134,1,3,Obesity_Type_III,47.93797295817101
41,1,1.5029294152021744,81.75467729261959,0,3,3,2.9799612299783615,2,0.37339796975434547,0,4,Obesity_Type_III,36.19390478704878
41,0,1.8146635552330874,128.32128820943782,0,3,2,2.31993255560382,0,0.3968014584914328,2,3,Obesity_Type_III,38.96785284034058
57,1,1.5782011082836973,164.2167808976497,1,3,1,2.46692054401565,2,0.9449206577078952,3,4,Obesity_Type_III,65.93148330233576
57,0,1.9328664124667134,78.64324252583505,0,1,1,1.7773120030870273,3,0.9832266896806614,1,4,Normal_Weight,21.05027301060526
33,1,1.8942806405592236,123.92620939537989,1,3,1,1.865935093998107,2,0.03686841940148389,3,2,Obesity_Type_II,34.53619789789301
43,1,1.8259729725563172,145.38367288320018,1,1,2,1.2882713279787903,1,0.2959094775479414,0,0,Obesity_Type_III,43.60406179825713
24,1,1.952888356590499,154.3917555021847,1,3,2,2.6455000295302464,2,0.7563096371214835,3,4,Obesity_Type_III,40.48268163891944
41,1,1.4666535654009747,129.45951905845283,0,1,3,2.8621180617744004,1,1.3674613870210781,3,3,Obesity_Type_III,60.183702860325205
38,1,1.8401862252822039,74.73459835055917,1,1,4,2.246876267388224,2,0.4568369136638717,0,4,Normal_Weight,22.069787618221095
52,1,1.6250286730482948,80.11155109768725,1,3,4,1.687294616890797,1,0.8460288924835253,1,4,Obesity_Type_II,30.337031590414064
46,0,1.9302149194137734,41.61551204761949,1,3,4,1.3080326507487325,1,1.1146901294329337,0,4,Insufficient_Weight,11.169761663662728
14,1,1.591337854230848,134.8716331866102,1,3,1,1.5303124594106299,1,1.777184989246584,2,1,Obesity_Type_III,53.25934597234859
40,0,1.8341739446369592,44.385190363805876,1,3,4,1.5108208417036866,0,0.6521410046542466,0,1,Insufficient_Weight,13.19340964966722
26,1,1.915152920414914,147.94619667994596,1,2,1,2.227055768327146,2,0.26711653172696703,0,1,Obesity_Type_III,40.33637732015749
54,1,1.4720781137428216,53.95123742379189,1,3,3,2.890074930727209,2,0.9785444517952164,1,1,Normal_Weight,24.89658031603852
16,0,1.660753217183779,60.656440529126456,1,3,1,1.096543773915963,3,1.4934432033681242,2,2,Normal_Weight,21.992100748518826
52,1,1.8540237869716274,99.04233532486191,1,3,3,1.002044599188896,3,0.21971951410546686,3,4,Obesity_Type_I,28.81311870402572
19,0,1.6911070114390212,131.97293231126156,1,1,3,2.200363888628651,3,0.8493669833939208,3,2,Obesity_Type_III,46.146916390881906
21,0,1.5916438937906054,56.51427785508379,1,3,4,1.5681209241594305,2,0.035570282524966856,3,3,Normal_Weight,22.308294420873057
40,0,1.5664968348762907,94.4489554583788,1,1,4,2.7610966846779137,0,0.06711836329450227,3,0,Obesity_Type_III,38.48913189039539
22,0,1.5197046814656803,99.8392605756732,0,1,1,1.654500615811634,1,0.9659067264333312,1,2,Obesity_Type_III,43.229772821608954
50,1,1.9042786667238296,65.7479908502425,0,1,2,1.5794752010577786,2,0.5963945963018589,2,1,Insufficient_Weight,18.1309884735843
46,1,1.7549383637233247,53.5603554617596,1,1,4,1.5390212424365945,0,1.6902145980108243,1,1,Insufficient_Weight,17.39080617223228
55,0,1.4904840208454717,144.38903629619057,1,2,4,1.2897056545364882,0,1.2043086122529085,0,3,Obesity_Type_III,64.99494325724565
57,1,1.6527675714924368,102.31067187010845,1,3,2,2.163060948554221,2,0.9078659234859807,2,4,Obesity_Type_III,37.45392793274536
37,1,1.6448988349267082,40.812035734003274,0,1,2,1.33642720466842,1,0.8158707421085927,2,0,Insufficient_Weight,15.08376898110189
28,0,1.5463217710760153,140.17564396494708,0,3,4,1.8492623195805817,0,0.9944909603791265,3,2,Obesity_Type_III,58.62364516320925
45,1,1.680819041500261,162.58001948223767,0,1,2,1.9219441045112977,2,0.08087766242532268,3,4,Obesity_Type_III,57.54733977532441
45,0,1.6260126636583623,115.34670062219516,1,2,1,1.040984093755949,1,1.7855867128413199,3,4,Obesity_Type_III,43.62719883626517
37,0,1.6311559639108566,102.46725677259292,1,1,3,1.033614559642285,3,1.9966063114679167,3,2,Obesity_Type_III,38.51182796026426
54,1,1.841684075627618,149.68039874366517,1,3,3,2.0404253775136585,0,0.36297424971739733,0,2,Obesity_Type_III,44.130075004032484
25,1,1.568329594317754,159.01711550025942,1,3,4,2.3920694644582645,0,0.24076592954923948,3,2,Obesity_Type_III,64.65009925534126
52,1,1.7901857781933384,134.07165140371,0,2,4,2.884284964560809,2,0.28715492689719047,1,2,Obesity_Type_III,41.835094418733746
15,0,1.7524443006568955,95.12706914652027,1,3,1,1.3582385683139102,2,1.3220541164687343,2,1,Obesity_Type_II,30.975310589120383
16,0,1.7510890315390697,113.6198963157615,0,3,2,1.2065176188721651,1,1.3228816769015495,0,4,Obesity_Type_III,37.054241971018044
50,1,1.8013938934551412,127.31785599226791,0,1,4,1.1041758138543019,3,1.6958483245568219,0,4,Obesity_Type_III,39.2348452663116
30,1,1.7406424791836965,63.47846994622698,1,3,3,1.8720831658259005,3,1.5036527768525065,2,1,Normal_Weight,20.951122407569283
15,1,1.9160052108685839,95.3473300592712,0,1,1,2.2462947346719138,2,0.8993793467386795,2,4,Overweight_Level_I,25.972584301831738
15,1,1.8080574487336376,143.5574793543779,0,2,1,2.6811067135025284,2,1.2257107231306377,2,2,Obesity_Type_III,43.913835750103914
41,0,1.7398905232268356,121.49539391080381,0,3,2,2.3652897645862625,1,1.3765693407360158,0,0,Obesity_Type_III,40.13432546301206
36,1,1.8897744537524517,90.81171246869361,0,1,4,1.4167215781497147,2,1.0254729405704504,1,4,Overweight_Level_I,25.428568818959036
50,0,1.7712576794147443,122.58367928584985,1,3,4,1.923540732792558,1,0.9513019689032733,1,0,Obesity_Type_III,39.07231647884343
45,0,1.604306451326145,53.896023921129945,1,1,1,2.8206926926173104,1,1.2901948912853065,2,0,Normal_Weight,20.94025988329554
46,1,1.5597603066335828,89.5886989311744,0,2,3,1.6534821249547424,3,1.1149490979513075,0,1,Obesity_Type_III,36.82455449209715
14,1,1.5307337264012197,138.9341957833451,1,1,4,1.997460730183863,1,1.2878846106718207,3,3,Obesity_Type_III,59.29387717710711
32,1,1.9267112626494338,66.78410717921764,0,3,3,2.9171306692873937,3,1.2257095479267277,0,4,Insufficient_Weight,17.99035992755983
15,0,1.826371778852975,62.431149952234634,1,1,1,2.4694160111473953,3,1.4383931210273093,2,1,Normal_Weight,18.716427611497835
57,1,1.9468105722270899,158.80315114947035,1,3,4,2.495480771283384,3,1.2856070175657521,0,1,Obesity_Type_III,41.89977818787469
39,1,1.7697446570289197,65.44710132786507,1,2,3,1.5046680088264552,2,1.0394849728745346,0,0,Normal_Weight,20.89629047125321
45,0,1.7009024671923036,71.87574103592118,1,1,1,1.8293962366102563,3,1.363593622568773,0,4,Normal_Weight,24.844113982427984
19,1,1.4816497391545713,161.17160830194658,1,3,3,1.1646843261934434,1,0.8989639303708561,3,1,Obesity_Type_III,73.41713654020913
45,0,1.8059704092193958,131.57327985339322,0,3,4,2.213051734101067,2,0.4833424519452021,2,2,Obesity_Type_III,40.340979661312815
17,1,1.7585706426771626,127.14916316096455,1,3,2,1.2074603290849883,1,0.0028364402678309197,2,1,Obesity_Type_III,41.11439164305449
24,0,1.9748107136014394,146.46872436567725,0,1,3,2.6718191644119096,2,1.1199282942916864,2,2,Obesity_Type_III,37.557264254631725
30,1,1.5767541522245887,53.59370836183608,0,1,2,2.6291075740399936,1,1.181310453217282,1,3,Normal_Weight,21.556876913250015
51,1,1.731290798302023,127.9504858090809,1,1,4,2.067210202244619,0,1.9440979295514287,1,2,Obesity_Type_III,42.68761564785302
37,0,1.7950073876125785,102.4647647753581,0,2,2,1.2823320663940594,0,0.7229566681885511,2,2,Obesity_Type_II,31.801094454564662
18,0,1.7916333226134422,143.47298067580164,1,3,1,1.0511579663903363,0,0.7882664856566235,0,0,Obesity_Type_III,44.696329333174866
47,1,1.7474855777626535,103.02585655181448,0,3,2,2.593417335085145,1,0.40359916268438045,0,1,Obesity_Type_II,33.73797667439455
19,0,1.8617718454734296,117.15041063788293,0,2,3,2.2002809664268534,2,0.14106859047464382,2,3,Obesity_Type_II,33.79799196562527
35,0,1.5586400410492127,99.19550792634152,1,2,3,2.421859273495767,3,1.5456089857234812,3,1,Obesity_Type_III,40.831971317918835
24,0,1.8345824161454405,99.24802436803635,1,1,2,1.6076142514727352,3,0.49936212867865004,3,2,Obesity_Type_I,29.48814254172937
29,0,1.7784593228595371,135.76421723579077,1,1,1,2.0189654756878292,1,1.2178097220600759,0,2,Obesity_Type_III,42.923729287521006
46,1,1.924919809251124,118.19936648155769,1,1,4,2.494348341079301,1,1.375546071090963,0,1,Obesity_Type_II,31.899939925032708
22,1,1.8990130526877982,118.79116340278571,0,1,2,1.925126616627599,1,0.9424733745832954,1,3,Obesity_Type_II,32.940352023804635
19,0,1.617027930740253,95.73559296277224,1,1,3,2.202768445537462,1,1.7527042260543833,3,3,Obesity_Type_III,36.613259064933786
29,0,1.5964057822368312,105.91979653852847,0,1,3,2.5794565236159244,3,0.8875896819594575,0,0,Obesity_Type_III,41.561436861729405
42,0,1.9702762616417973,132.96042594180318,0,2,2,1.4304412905327577,2,0.5698172460835302,0,2,Obesity_Type_II,34.25059716831869
16,0,1.729450545885086,143.0685558081017,0,2,2,1.1318577787149646,3,1.7920310459232447,2,2,Obesity_Type_III,47.83303059885671
33,1,1.9304031108746516,126.76673667014981,0,2,2,2.0636470216216103,1,1.723128568499913,1,0,Obesity_Type_II,34.01804043062371
49,1,1.5368569426036556,155.43319659455608,0,3,4,1.1242515414401915,0,0.328079894152826,3,1,Obesity_Type_III,65.80772722254541
32,0,1.7906940248440923,142.3608351065473,0,3,3,2.5331145887335067,3,0.0519220367078419,3,2,Obesity_Type_III,44.39640024627004
39,0,1.8792258993011106,109.79483751599932,1,1,3,2.4384228952675775,0,0.17997111269924138,1,1,Obesity_Type_II,31.09023050299543
16,0,1.9521194822808168,123.59716515311085,0,2,3,2.763425342930594,0,0.5730947971076341,0,3,Obesity_Type_II,32.433641969666056
32,1,1.6287902747390224,155.7148428920707,0,3,4,2.2791241960679214,1,1.9445196034834213,3,4,Obesity_Type_III,58.694806714830804
33,0,1.8342400200597477,117.01517357462535,0,3,1,1.1343951415047475,3,1.11703230632165,3,0,Obesity_Type_II,34.78002193600044
45,1,1.735570894790998,142.92567544545867,1,2,3,1.5063042509792348,2,0.7465234640585376,3,2,Obesity_Type_III,47.44883309681337
20,0,1.482133330815228,125.79012345233838,1,3,3,2.6158636891254385,3,1.7774321892254927,2,0,Obesity_Type_III,57.26272291049425
54,1,1.81569986077374,108.54398149361877,0,3,1,1.3342648346271755,2,0.9062726629569993,1,3,Obesity_Type_II,32.92438165365254
46,0,1.815751175866057,69.47161262233449,1,2,4,2.3969609356297745,2,0.6304772568020423,3,3,Normal_Weight,21.071464071276434
53,1,1.9432216065686645,92.67568745302194,0,3,1,2.560518661840956,1,1.8824390574913148,1,3,Normal_Weight,24.54263309178197
52,0,1.7135755964695554,160.9355959290482,1,2,1,1.6602235957104823,2,1.699035332385356,0,3,Obesity_Type_III,54.80820453975436
31,0,1.5720329879765726,121.87843829234761,0,3,1,1.644594946805817,3,1.687336750838882,1,4,Obesity_Type_III,49.31778584033286
53,0,1.4736188264277998,110.1138179227127,1,2,1,2.115605362418294,3,1.0245694861004262,2,1,Obesity_Type_III,50.70741816330584
14,1,1.67029035894353,156.55253481655666,1,3,4,2.7225726655095275,0,1.57887679763091,2,1,Obesity_Type_III,56.11463665758081
24,0,1.610015851041076,112.90048441071853,1,3,4,1.447812403826961,2,0.35870671852910374,1,4,Obesity_Type_III,43.554747637094614
41,1,1.853376802192654,105.28639732059277,0,2,1,2.8825163920848054,1,1.1464459151124873,2,1,Obesity_Type_II,30.651012100928554
38,1,1.6377619153657546,134.67316774892586,0,3,2,2.1982373696402164,1,1.9676918456950914,3,3,Obesity_Type_III,50.20876511734668
36,0,1.9530077340468672,128.7958679923046,0,2,2,2.9842529427045523,3,0.5819168610359233,2,1,Obesity_Type_II,33.76711866420547
44,0,1.9600244075835256,63.33816105946252,1,2,2,1.1792274479906453,2,1.5887046584953504,0,0,Insufficient_Weight,16.487032384384175
43,0,1.7790815528153852,98.38484259633927,1,3,2,1.2531242730135181,1,0.9809568144161345,1,1,Obesity_Type_II,31.08397006737624
55,1,1.942189952117888,98.53694579526774,0,1,3,2.6532836074269657,2,0.07961136644417466,1,0,Overweight_Level_I,26.12255733162588
48,0,1.8532528025926827,86.65628892066144,1,3,4,2.7295117912076985,2,1.5260387956313348,0,2,Overweight_Level_I,25.230784556149935
20,1,1.7398356097168168,104.17897875118389,0,1,4,1.8909173767418679,0,0.3371382887842256,0,0,Obesity_Type_II,34.41625928533362
29,1,1.5455632057740725,91.05153211362017,0,1,1,2.42814235228467,1,1.2629471342655003,0,0,Obesity_Type_III,38.11656163975001
39,0,1.6930569100623352,64.11753167336907,0,3,3,2.7351145748910772,0,0.1713283880939458,0,3,Normal_Weight,22.368336204951085
15,0,1.7472634655821873,90.95817739660981,0,1,1,1.0862555764376574,1,1.8937347949919296,3,3,Obesity_Type_I,29.79373545187775
14,0,1.9078996377895554,48.10689539422025,1,2,1,2.147900845986517,2,0.5834477743607218,2,3,Insufficient_Weight,13.21588586237344
25,0,1.7051066895639024,111.54901870957586,1,2,4,2.706961333052979,1,0.4529293833547898,2,0,Obesity_Type_III,38.36742366035411
18,0,1.925767576519317,146.5604731665801,1,1,3,1.79630988916955,3,0.2582728081326686,3,4,Obesity_Type_III,39.51928856338751
50,0,1.8074049588824386,130.38617262867396,0,2,2,1.6047672122248537,2,1.8920043866780956,0,3,Obesity_Type_III,39.913572201099385
45,1,1.5226095034184457,84.40964904681802,1,3,4,2.591413370189675,1,1.4238074848826103,1,3,Obesity_Type_III,36.409525769865795
22,1,1.9773401257422991,49.97097190274083,0,2,3,1.6715731670056724,0,1.4833217774361773,1,0,Insufficient_Weight,12.780711667300336
54,1,1.7294333101995736,64.47082430238412,0,1,3,1.0063485963690064,0,0.9988091227604892,1,2,Normal_Weight,21.555375057925374
48,0,1.6576848970968117,107.7317829023493,0,3,4,2.9191451752581314,2,0.9494555705409669,0,2,Obesity_Type_III,39.20485805921701
32,1,1.799330295168849,65.08919250626214,0,2,4,2.184246472702037,0,0.22004248598295328,3,1,Normal_Weight,20.104214040370383
29,1,1.5077134564099506,107.5406120219059,0,3,1,2.6390358374201424,2,1.1196821911679835,3,2,Obesity_Type_III,47.30803199495077
16,1,1.7873654827792778,68.18147712025126,0,1,1,2.6506031246854294,2,0.49383299021758087,3,3,Normal_Weight,21.342223933362007
33,1,1.7140650802646147,145.96440755398515,1,2,1,1.1328208407454656,2,1.9542906656008117,2,4,Obesity_Type_III,49.68123167907973
37,1,1.665537257099249,89.05620557789793,1,3,2,1.3417203987729296,1,1.5931618800302947,2,1,Obesity_Type_II,32.103729176548576
46,0,1.9551006112248164,69.93937886900588,1,3,4,1.6222413615192948,2,0.8259841203857752,2,4,Insufficient_Weight,18.29715419661874
37,0,1.7269460498679883,141.35309871112975,1,2,3,1.6413985700826457,0,0.30268251738306606,2,4,Obesity_Type_III,47.396665932142284
24,1,1.5661322641190674,82.19770956548679,0,3,4,2.3175722353618258,3,1.570663382277568,1,3,Obesity_Type_II,33.51219256606509
21,1,1.6932506440699682,53.047448667686524,0,3,3,2.2462658415053696,1,0.24410753416263198,1,0,Normal_Weight,18.502141681530716
49,1,1.9372753244235166,110.87159591685884,1,1,2,1.9891795560196275,0,0.378667506994141,3,0,Obesity_Type_I,29.541844334251593
51,0,1.5433305998052151,112.27708975918658,1,1,4,1.4225274646175359,2,0.42304103548845484,2,0,Obesity_Type_III,47.13822368832159
53,0,1.5633972305047654,129.05165507970253,1,1,3,1.7639669393806068,2,1.1137812765461887,3,2,Obesity_Type_III,52.79890334390721
33,1,1.4569056709112544,69.26764858425658,1,1,3,2.0871879369303388,3,1.5741133079807326,0,0,Obesity_Type_II,32.63379472918371
48,0,1.4575207261797565,94.91518872562288,1,1,1,1.9359707322078838,0,0.6286297574493844,2,3,Obesity_Type_III,44.679287332623446
38,0,1.8895775622880115,74.57835779937469,1,1,2,1.2545850661901568,1,0.16933962855057882,2,2,Normal_Weight,20.88735122150001
48,1,1.8380249816267666,49.2001707505767,1,2,4,2.2990209870038476,0,0.9290769270488384,3,0,Insufficient_Weight,14.56343394542335
38,0,1.6381717599195378,149.45334220400235,1,1,1,1.146103553621321,2,1.496220482319871,3,4,Obesity_Type_III,55.691223817838996
42,0,1.8201049133306135,130.837595365531,0,3,2,1.7563893661621606,1,0.4433276861747766,0,3,Obesity_Type_III,39.49478097005516
31,1,1.6594591409442843,76.98434549180888,0,2,1,2.420058695350458,2,0.43984909607874845,3,3,Obesity_Type_I,27.955630679324543
59,0,1.9550353018788487,114.52099710187028,0,3,4,1.040047069039413,2,1.8944540546934217,2,1,Obesity_Type_I,29.962352771266957
31,0,1.9625379211557985,64.35923730494352,0,1,3,2.139965638090632,0,1.9083074542383558,1,3,Insufficient_Weight,16.709935537219426
15,1,1.658180701178952,151.16981434626712,1,1,4,1.6690419482865946,3,1.9809314641231528,0,4,Obesity_Type_III,54.97957358103674
48,0,1.90273761036066,53.4781992636007,0,3,2,1.017663686845469,2,1.6153192031495602,0,3,Insufficient_Weight,14.771308539650711
29,0,1.859737192099657,39.48348033398291,1,3,4,1.3807665421219437,0,0.3763683383358911,2,1,Insufficient_Weight,11.415955689082374
54,1,1.6142999667010483,102.25303291513694,0,3,2,2.881892386541309,1,0.4239630415985227,1,3,Obesity_Type_III,39.23807769674683
49,1,1.572981109317586,112.47410575506153,1,2,1,2.042297811010181,3,0.680450483044784,3,3,Obesity_Type_III,45.45749869234691
46,1,1.692864364708202,111.94963035727135,1,1,2,2.9944544092582634,2,0.6362650626669817,3,1,Obesity_Type_III,39.064146304573065
17,0,1.8641148855256353,45.86850285716611,0,3,3,2.0496335007294824,2,1.9130554981560182,1,3,Insufficient_Weight,13.199856691031258
46,1,1.9588889259062352,78.56951967172249,0,1,3,2.0878728245805362,1,1.5781479657633872,1,2,Normal_Weight,20.47549812407919
27,0,1.8546969064992833,101.89906730200781,1,3,3,1.7836860258657048,0,1.4480175843231078,2,3,Obesity_Type_I,29.62267771874542
34,1,1.9032597020597362,66.28897738903235,1,1,1,1.6200808374628286,2,0.37192644811626363,3,0,Insufficient_Weight,18.299752445242163
33,0,1.7696240822703737,148.95086157122296,1,2,2,1.5030911062658896,1,1.8190511187246592,2,0,Obesity_Type_III,47.56428579405484
21,1,1.8927661503463267,49.97577047214069,0,1,1,1.6868412322613477,2,1.6557407590123476,3,2,Insufficient_Weight,13.949722784714075
20,1,1.8657430547418112,100.4104396506774,0,3,4,1.9197021618008643,0,0.3272836826558474,3,3,Obesity_Type_I,28.845309384095838
16,1,1.6498023372209285,126.11842324665716,1,1,4,1.3839839004615802,3,1.742340663921945,1,4,Obesity_Type_III,46.33559065110688
30,1,1.7425548601239822,71.98063861694479,0,2,4,1.4497501836113917,0,0.5444950727409426,2,3,Normal_Weight,23.705153726098132
46,0,1.8765191546545381,117.65433286168728,1,2,4,1.5430895373368783,0,0.1617394916642121,1,0,Obesity_Type_II,33.41195762105615
25,1,1.4744100691206767,143.5025289179392,0,1,3,1.8985197838616783,0,1.31364461302842,2,1,Obesity_Type_III,66.01201328051044
35,1,1.8782820196485899,62.98245886197599,0,3,2,2.305626733628486,1,1.3076093187686613,3,2,Insufficient_Weight,17.852457564335435
35,0,1.5442807057459824,154.5697945699327,0,2,3,2.7122923005725745,2,0.18986401913123618,0,1,Obesity_Type_III,64.81449460269123
59,1,1.7227823170743626,108.74837511545711,0,2,2,1.5742636743742866,3,0.6377036178731648,0,4,Obesity_Type_III,36.64054844692027
43,0,1.878385982964647,76.70323254193363,0,1,2,1.3674566806828747,1,1.9856289245110772,2,3,Normal_Weight,21.739221596979956
51,1,1.5845251714230482,93.28814269816611,1,2,1,1.75769492970111,0,1.3568533340174738,2,4,Obesity_Type_III,37.155932161656125
51,1,1.580277942832261,78.33617735708489,1,2,4,2.7887661527437118,3,1.4601503332066583,1,1,Obesity_Type_II,31.368620371298114
58,1,1.6634651311849935,130.36400615159783,0,3,2,1.019721456674279,0,0.42583457120861135,3,3,Obesity_Type_III,47.11186474258446
21,0,1.9241606827161464,139.33388359030664,1,3,4,2.355737232115491,0,0.15756414200782864,0,4,Obesity_Type_III,37.63345312836199
40,1,1.45023467416172,143.9501114321513,1,3,4,1.954320092823163,0,0.5538033794818753,1,0,Obesity_Type_III,68.44400844038977
40,1,1.9277330412202254,163.2067994478034,0,1,4,1.3220924299213601,3,0.4977967703863839,2,0,Obesity_Type_III,43.91819328853159
47,1,1.531517723060052,138.70182085458214,1,2,3,1.6420430525489333,2,0.4690882014961062,3,2,Obesity_Type_III,59.13411596102312
34,0,1.9747457793157654,114.77439290675899,0,1,4,1.4499000877540678,0,0.3855086437740791,1,0,Obesity_Type_I,29.4321925279914
43,0,1.9560689063103882,81.74175759736477,1,2,2,2.755664335780245,2,1.1495113813108087,1,0,Normal_Weight,21.36366072924135
46,1,1.7121778504833802,107.61902653755442,1,2,3,1.9637467678899805,3,0.6562069516836435,2,1,Obesity_Type_III,36.71058542785013
41,0,1.7217417313406929,44.17458977159109,1,2,4,2.1261885557449856,3,1.6406900300950609,3,0,Insufficient_Weight,14.901723923310547
60,1,1.7052211503462027,132.84795951676904,1,3,1,2.1873752386740413,0,0.367894835694768,0,0,Obesity_Type_III,45.68708683755263
46,1,1.786785132199547,95.19039868160482,1,1,4,2.279234249204712,2,0.929254141737089,1,1,Obesity_Type_I,29.81593861623247
18,1,1.4980825021845134,41.52292694625564,1,1,4,1.99111138075186,2,0.027315672852159967,2,0,Normal_Weight,18.501907119081075
32,1,1.4672875126210303,46.87587463031176,1,2,3,1.0357470616726316,0,0.9633646449103841,1,0,Normal_Weight,21.77303351586403
17,1,1.4805825520604263,87.82077444154135,0,1,2,1.6694453738293038,1,0.11167644175294877,2,2,Obesity_Type_III,40.061942964884935
48,1,1.6855136350980027,112.51111139632282,0,3,4,1.3677464814419824,1,1.9554470237452872,2,0,Obesity_Type_III,39.603254297924806
30,1,1.5960404077863262,97.48969756796797,0,1,3,2.360285685823354,3,1.5811842573008257,2,0,Obesity_Type_III,38.27110116910067
57,0,1.7796809680566268,117.01974397881152,0,2,3,1.1134093027400933,3,0.9802229532729108,3,2,Obesity_Type_III,36.94662999960145
41,0,1.9759944133686327,99.51707660771083,1,3,2,2.1276067822232885,1,0.17317471635870052,0,1,Overweight_Level_II,25.487438156648263
43,0,1.654751281730527,122.37468453064969,1,3,3,1.4212634445486019,1,1.1848908815808286,3,0,Obesity_Type_III,44.69162365407331
42,0,1.754135864675392,66.6098841485209,1,2,2,2.897691676934122,1,1.517527501403755,0,4,Normal_Weight,21.64772299465773
59,0,1.6702700648308877,53.2182415851363,0,1,1,1.671081884373071,0,0.3814345060094906,2,1,Normal_Weight,19.075991729306928
19,0,1.8990539838925855,114.15067828283316,0,2,4,1.6504423827492685,0,1.1364166815749817,0,1,Obesity_Type_II,31.652198120494972
48,0,1.9281852938349862,100.07087913397474,0,1,3,2.846769335981447,0,1.628421796765736,3,0,Overweight_Level_I,26.915979120331784
54,1,1.9149984744687878,42.38532440966185,1,1,1,1.8346958406082827,0,1.5364955552926327,1,2,Insufficient_Weight,11.557892395451598
50,1,1.9664172865000065,86.94071757212251,0,3,3,2.925724668371484,0,1.6059840357343058,3,1,Normal_Weight,22.483910796634998
37,1,1.46458516812442,52.37182377186543,1,2,3,1.048340704267007,0,1.7586468497394396,3,2,Normal_Weight,24.41565807986721
42,1,1.8951025659371314,105.9509608008396,0,3,1,1.6126891504042926,3,1.8753642043189405,3,4,Obesity_Type_I,29.501184938917895
59,0,1.8484392517107193,88.86798763721427,1,2,3,2.3323859205328623,2,0.8110423104070719,3,2,Overweight_Level_I,26.0096783506172
44,0,1.5712080369821932,116.25714079898026,0,2,3,2.781713929055277,3,1.1375382050457545,3,3,Obesity_Type_III,47.09255502997568
48,1,1.9568496494953895,140.50587956505,1,3,1,1.5128111860165678,2,1.5813190520912217,0,2,Obesity_Type_III,36.69269241505542
46,1,1.5285343019618711,76.75825416402785,0,2,3,2.860955183927336,3,1.3942796278915663,0,1,Obesity_Type_II,32.8529755071508
34,0,1.8101614613809713,160.22486512479347,0,2,2,2.188242932998376,3,1.9910404565287576,1,2,Obesity_Type_III,48.898471711044934
45,1,1.5691918149124335,106.48994707403438,1,1,3,2.602016486395832,0,0.02735530220928828,3,2,Obesity_Type_III,43.24705543025311
36,1,1.6786317438502596,116.90464064310329,1,2,4,1.7944146086137944,0,0.7102664306315813,3,3,Obesity_Type_III,41.48784606519809
46,1,1.8311547453806214,124.76471902644286,0,2,3,1.4243607651337467,2,0.5620558525404049,1,3,Obesity_Type_III,37.20846031885845
16,1,1.7485620602775147,123.0081727620563,1,3,4,2.8224708308953863,2,0.5246317003310692,1,0,Obesity_Type_III,40.23202248386728
31,0,1.6765759706038992,103.38231362367782,0,3,4,2.866271736812437,0,0.44505956499777155,2,1,Obesity_Type_III,36.77898776721222
38,1,1.6229593683939532,93.02430068045012,1,2,3,1.995150288308271,3,1.4182476816304581,1,0,Obesity_Type_III,35.31678158483965
55,1,1.8950196175256588,45.776527486349615,0,1,1,1.012990031998513,2,0.1695189465506437,1,3,Insufficient_Weight,12.747218334703385
44,0,1.5262216056668512,41.782816507948645,1,1,2,1.219565907340809,1,1.4832176678866766,1,2,Insufficient_Weight,17.937524907962295
16,0,1.677954524560794,84.10311051112834,0,3,2,2.1460559204634437,1,1.3868516840325469,2,3,Obesity_Type_I,29.87113228947354
53,1,1.9289915130408253,81.04127221984527,0,2,3,1.0475534046037724,1,0.5016082650017928,0,4,Normal_Weight,21.779385213412645
59,0,1.898300261743783,87.84958950971485,0,2,1,1.7938238479733906,2,0.5056675663303225,2,2,Normal_Weight,24.37866509859833
37,1,1.6624991341107147,56.43439331191195,1,1,1,1.6067398911440252,0,1.2577211706890044,0,0,Normal_Weight,20.418366975380184
45,1,1.8544474327086933,132.00920208764228,0,1,2,2.4286965508044096,0,1.5243422109673557,1,2,Obesity_Type_III,38.38620266602931
60,0,1.8862752402756953,146.9775162618061,1,1,1,1.1111573458958706,0,1.752971226174731,2,4,Obesity_Type_III,41.30862847560947
35,1,1.9211103347219236,157.2780440571284,1,3,3,1.977462537954575,2,1.7042791277089515,2,3,Obesity_Type_III,42.615097155686705
36,1,1.7385880575960908,101.03765024347285,1,2,3,2.1582285397512107,2,1.9297659883277063,0,1,Obesity_Type_II,33.426419046848565
15,1,1.5583642696089972,127.309078089804,0,3,1,2.2345821521052356,1,1.1627697906730223,2,1,Obesity_Type_III,52.42294428504355
40,1,1.5853138105470836,146.79944155291992,1,2,3,1.8103153440338817,2,1.8173111226807193,2,1,Obesity_Type_III,58.410902620634175
55,0,1.6067181772420502,91.70467999777924,1,3,4,1.608735566859102,1,1.6170265465208216,3,3,Obesity_Type_III,35.523200389245304
15,0,1.7647153148290962,77.986012153676,1,2,2,2.3649860674742973,1,1.7893352486280272,0,1,Overweight_Level_II,25.041907311590002
39,1,1.4673891007881625,157.02729403753978,0,1,3,2.69513809620499,0,0.023253202570733267,2,4,Obesity_Type_III,72.9263653475474
30,0,1.7871025084533831,103.97524543571122,1,1,1,2.3872352755657573,2,1.931805983731622,2,3,Obesity_Type_II,32.55599891780599
53,1,1.643107746366963,101.65398971045062,1,1,2,2.864204730914443,0,0.9470603256929566,1,1,Obesity_Type_III,37.65237212454056
46,1,1.6064781553195102,61.48042816700047,1,3,3,2.4345270507158543,0,1.5963659791496858,3,0,Normal_Weight,23.822494452754743
22,1,1.916133182485907,52.62753183624295,1,1,2,2.5292374680272367,2,0.2544082386755617,3,3,Insufficient_Weight,14.333809194603687
56,1,1.6938012696578233,145.10546467292247,0,2,1,1.3358063932041777,2,0.7918821916279482,1,3,Obesity_Type_III,50.57767484898306
52,1,1.5003781141323271,116.38078019962728,0,3,4,1.8390792890534235,3,0.5429213260419818,1,2,Obesity_Type_III,51.6987238906073
42,0,1.8881757870539109,80.05389758645053,1,2,4,1.9701106619119304,1,0.583317541001874,1,1,Normal_Weight,22.454202395497052
55,1,1.4752498664413485,63.15876339117358,1,3,3,1.5125863245892153,3,0.2465112399017635,1,0,Obesity_Type_I,29.02033692148955
39,0,1.8351770888091443,108.99265730137355,1,2,4,2.0570797207125757,1,1.611527665086014,3,4,Obesity_Type_II,32.36244189799137
48,0,1.8601702975384524,112.57383044690306,1,2,3,1.581583888443695,1,0.01848462916215632,2,3,Obesity_Type_II,32.533593262061466
38,1,1.6368793811422948,65.08119375687733,0,3,2,2.375004185608832,1,0.625010913970405,2,4,Normal_Weight,24.28970017760138
37,1,1.887137563827227,146.2771242343257,0,3,3,1.9405769534063517,0,0.34882108643283005,1,4,Obesity_Type_III,41.07421714938291
26,1,1.7232994851039203,49.61731013563724,0,1,3,1.9176139085380712,0,1.178077881216681,0,4,Insufficient_Weight,16.707508856190255
20,1,1.6955456362345822,83.86772873096913,0,1,3,2.9672850620656233,2,0.5085048052290877,1,2,Obesity_Type_I,29.172652236397393
49,1,1.474063739178407,124.72843613407778,1,2,4,1.784889697085141,1,0.5179969090561993,2,4,Obesity_Type_III,57.402783360263776
58,0,1.60371547263392,73.53916584121929,1,2,3,1.7245908651791366,1,0.9766762879906374,0,1,Obesity_Type_I,28.59328550587537
33,1,1.9434352845692089,143.28707454244025,0,2,1,1.6372087425653088,1,1.3053780786818514,1,1,Obesity_Type_III,37.937337576162115
14,1,1.657666700540255,132.22334615165084,0,3,3,2.7894984419515962,0,0.24260940913032725,0,0,Obesity_Type_III,48.11868128635987
21,0,1.7397512758950873,138.41687841306492,1,3,2,1.9934476521963564,2,0.3510229049309923,1,0,Obesity_Type_III,45.73142385715743
59,0,1.7319714898616534,54.00742352046625,1,1,1,2.200028954961271,0,0.4943494891890352,3,4,Insufficient_Weight,18.004123434309786
29,1,1.7629284776060274,56.70893812743841,1,2,2,1.36163695800479,3,1.947496428235921,2,4,Insufficient_Weight,18.246607442783066
27,0,1.4825054064909398,75.09569095581753,1,1,2,2.081884720009854,3,0.7943049998858407,1,2,Obesity_Type_II,34.16822717186479
25,1,1.641953415043326,104.2777228148927,1,3,2,1.5492963857369766,3,1.197980181262053,0,4,Obesity_Type_III,38.678522509992746
36,0,1.8332579851577537,133.2500256641247,0,3,1,2.461273842525755,2,0.48308562543195577,2,4,Obesity_Type_III,39.64789464584013
28,0,1.5562969330686809,144.40289223587382,0,3,1,2.665056697584764,3,0.9809190503149758,1,4,Obesity_Type_III,59.619862289880814
41,1,1.557896540099571,127.74624981060474,1,1,4,2.429621384262555,2,0.1482383487719161,1,3,Obesity_Type_III,52.63455239076596
47,0,1.455348021545183,156.00320707286045,1,3,1,2.460488332540515,0,0.06948429184465388,1,3,Obesity_Type_III,73.65458839901613
15,0,1.6818654211023512,132.08168221160722,0,2,3,2.024949408239034,0,0.9374670536429204,1,2,Obesity_Type_III,46.69389563188014
45,0,1.9178492217569136,77.58975376258145,1,1,2,2.4242361126682708,2,0.7973185750368241,3,2,Normal_Weight,21.09480194959408
36,0,1.4775075001012736,72.40024182666015,0,3,4,1.8453738710163206,0,0.27376063938365536,2,1,Obesity_Type_II,33.16504787583449
35,0,1.5512929160328814,126.72024873793733,0,1,1,2.302978307059226,0,1.3752028578414675,3,2,Obesity_Type_III,52.657277110136
38,0,1.61434480532166,63.3016916548914,0,1,2,1.5180784202410293,2,1.9858069817985289,2,1,Normal_Weight,24.289731550000056
35,1,1.8378141103790329,50.682066162094,0,3,1,1.1395140246240203,3,0.7912936423934249,1,4,Insufficient_Weight,15.005523393686476
35,1,1.7895368641853708,106.06008223188043,1,3,4,1.826946528243937,2,1.249117271834789,2,2,Obesity_Type_II,33.11850019340924
55,0,1.6704502694283831,142.52683779214837,1,1,1,1.92355631156098,1,1.9259518847289714,0,2,Obesity_Type_III,51.0774900515818
19,1,1.852306537806939,51.773860151202804,0,1,1,1.51281431637738,0,1.6630699448937505,2,2,Insufficient_Weight,15.08984667773985
28,1,1.773104436178158,138.7783067982619,1,3,2,2.455419036814475,2,0.9271044466053715,0,1,Obesity_Type_III,44.14209607864547
56,1,1.924901623818326,141.25807254829505,1,2,3,1.1471009579525584,0,1.4749789689198387,0,1,Obesity_Type_III,38.12380138418765
50,0,1.8835541770435071,99.76652401027448,1,1,1,1.4454966487583771,3,0.25627008050104805,3,0,Obesity_Type_I,28.12086064887285
46,1,1.5839912112272763,46.22109906132134,1,1,4,2.4971294369072536,0,1.0242077109275984,2,1,Insufficient_Weight,18.421913252687066
21,0,1.5938624461461262,60.99832125714549,0,2,1,1.8742485474800248,2,0.5581205543598731,1,1,Normal_Weight,24.011329456724354
57,1,1.5164389321699643,128.13571067040345,1,3,1,2.4105672480786247,3,0.3223273757923222,2,3,Obesity_Type_III,55.72118329079025
57,0,1.6285913046302518,128.68402106885964,0,3,3,2.1349717555671925,3,0.8525618125090697,3,2,Obesity_Type_III,48.517721780521924
18,0,1.97975827692112,152.19276467112581,0,2,2,2.901425499994725,3,0.26202910886722885,0,1,Obesity_Type_III,38.830203954145084
52,1,1.6650481193659823,112.41845446587743,1,3,4,2.195591665445666,1,1.3979702163489711,0,2,Obesity_Type_III,40.54936263973805
17,1,1.5668588703852264,54.637528331935954,0,3,2,1.0297379486910394,2,0.912480088106671,3,2,Normal_Weight,22.25518882936133
19,0,1.854115928772043,54.29827809362649,1,1,2,1.705754701008668,2,1.0622892651293276,3,3,Insufficient_Weight,15.794732953285715
58,1,1.7375096318352077,129.86267702695977,1,1,2,1.2861213644094154,3,0.292751877336314,2,2,Obesity_Type_III,43.015988737921255
45,1,1.5292887682492848,62.156867803595546,0,1,1,2.8492673551954066,0,0.27954332218698896,0,1,Overweight_Level_I,26.57725502054103
43,1,1.6517655310152588,80.37657295169228,1,2,3,1.2080249085701606,3,1.1668308705202481,3,2,Obesity_Type_I,29.45999623494569
60,0,1.6696689492358519,100.38871287216115,0,3,1,1.775413326262175,1,1.9700194956588926,2,0,Obesity_Type_III,36.01008484364413
48,0,1.8495297413016858,42.120374574595054,0,3,4,1.4521983872533843,3,0.19250116647545124,2,0,Insufficient_Weight,12.313161789900274
53,1,1.4609558255127093,70.35119740451141,1,1,3,2.6934439807934667,2,0.5714628571315625,1,3,Obesity_Type_II,32.96076817484767
29,1,1.5925804128031045,90.3940906719173,1,1,2,1.617132995177834,3,1.738918233075775,0,1,Obesity_Type_III,35.63996757527835
26,1,1.7243260396972266,74.234176130144,1,2,3,2.9837869662852903,0,0.14454402451047388,2,3,Normal_Weight,24.966928618143342
55,0,1.592488773500007,56.18266126091329,0,3,4,1.0772332112245018,2,1.7517714427339026,3,0,Normal_Weight,22.15386721044281
43,0,1.7830700451320693,130.72954448232088,1,2,1,1.2565535449251317,0,1.0485719667495024,0,1,Obesity_Type_III,41.11846936987624
32,1,1.7053897640155466,141.4566045511661,0,3,1,1.4492775528582182,3,0.8165335478528517,3,2,Obesity_Type_III,48.63802430082743
30,1,1.6417064350755777,71.44235099410933,0,2,2,2.6222120804003186,2,0.6193611287029117,3,1,Overweight_Level_I,26.507253818382623
32,1,1.9530805722413715,136.5768563203942,1,1,1,2.7570344181280317,1,0.5942343162556838,2,4,Obesity_Type_III,35.80443229245919
41,1,1.7850445345688224,87.57974911456554,1,2,1,1.1429027612188447,2,0.6116051648989576,2,1,Overweight_Level_I,27.485623006703456
39,1,1.5188689273020088,102.84240964760434,1,2,4,1.0649202835245528,0,1.7696061619203916,1,2,Obesity_Type_III,44.5791361831912
50,1,1.7468485996449996,146.85613543653727,0,1,3,2.4891137142091586,2,1.447590460349571,3,4,Obesity_Type_III,48.126199086613575
39,0,1.8637878821964775,133.49416390710337,1,3,1,1.266704013507227,1,1.3394460156623011,2,3,Obesity_Type_III,38.42990511222253
36,1,1.8254995396711826,140.44472326583838,0,3,4,1.2659971741492784,1,1.5974982979040016,1,1,Obesity_Type_III,42.14460338803262
22,0,1.5412072915264874,56.24249098988096,1,1,4,1.0447330689888585,1,0.51422932600829,0,3,Normal_Weight,23.677859400728966
25,1,1.9653825994912548,47.784647655049916,1,2,2,1.0996157551668437,1,1.2360856241635114,1,1,Insufficient_Weight,12.370697140425287
14,1,1.6878712322457012,151.56899586508638,0,2,4,1.5273509171909783,0,0.9201324779159019,1,0,Obesity_Type_III,53.20246455150649
14,0,1.5342832519823384,87.86711796595789,0,2,2,1.1300109788216126,2,1.5648832704003868,3,0,Obesity_Type_III,37.3263301509551
60,0,1.5455037496879183,75.27283943677978,1,3,1,1.7377581833185511,3,0.618512220946571,0,2,Obesity_Type_II,31.513611200922515
47,0,1.5020645458602127,130.3117280369899,1,2,2,2.665550062454698,1,1.2863572337397915,3,0,Obesity_Type_III,57.75722424039959
45,0,1.8758645974705153,144.38836516906196,1,3,4,1.6526405146431853,3,1.764424823634627,3,4,Obesity_Type_III,41.032617779263106
38,1,1.5146761619905798,147.6736923591859,1,2,3,2.4556683251587432,3,0.8043009523898574,1,4,Obesity_Type_III,64.36704219771197
53,0,1.5163163862851259,78.81563978177866,1,1,3,1.1878199296620602,2,0.1332441747349229,1,1,Obesity_Type_II,34.279363453145244
58,1,1.900749955823244,146.3787612914109,0,1,1,2.3187503748389857,3,1.0321016446835856,2,3,Obesity_Type_III,40.516142465166865
14,0,1.6326401647572066,44.15767699116752,0,3,1,1.63349436651487,3,0.6919449756140519,1,4,Insufficient_Weight,16.566290224793388
29,1,1.4663546892832784,45.25734792392458,0,3,3,2.4995057573940764,0,1.34445076109435,2,1,Normal_Weight,21.048009739526073
52,1,1.4775045087447578,117.56341859194346,0,1,2,1.2725040281127638,3,1.9020658494972122,3,3,Obesity_Type_III,53.853579705168116
18,1,1.5253503367530645,46.95140250855883,1,1,1,2.795766755528964,2,0.971216635993694,1,0,Normal_Weight,20.179451863778933
35,1,1.5630984744271155,79.90075523228035,0,2,4,1.4851544057958732,3,0.9323804603110677,0,1,Obesity_Type_II,32.70229304328245
42,1,1.802527482946355,123.76725426711242,0,1,1,1.706275586562353,2,1.3091696003829205,0,3,Obesity_Type_III,38.09271840069532
16,1,1.533382928400969,81.49562890283252,0,3,2,2.9003614216360836,1,0.20699500718713537,3,2,Obesity_Type_II,34.66035989746491
25,0,1.5130034273238482,61.629572461452085,1,1,1,2.156964719461718,3,0.5070123778500293,3,2,Overweight_Level_I,26.922124687855742
39,1,1.855301144982428,74.45017835358405,0,3,4,1.731543037926044,3,1.837958651000797,1,4,Normal_Weight,21.629023738874878
29,0,1.8056593004457546,96.6544918635544,1,3,4,2.899204294067263,3,1.3398852267275325,2,3,Obesity_Type_I,29.644929622485336
50,0,1.6807218373712751,98.89861777479078,0,2,4,1.658154833780064,1,0.026888087966832508,1,2,Obesity_Type_III,35.010517980334214
35,1,1.741134178884455,137.65802914974745,1,2,2,1.1897414253503595,0,0.4092509451180397,2,4,Obesity_Type_III,45.408490565436615
42,0,1.6153515307730018,133.5193069083706,0,2,2,2.9936977757188394,3,1.365674532057798,1,1,Obesity_Type_III,51.16935871082378
27,1,1.705725222724741,96.55904337407304,1,2,4,1.5356898411178277,2,1.5287984051251484,0,1,Obesity_Type_II,33.18752087273057
41,0,1.718536503960855,145.55408598644522,0,1,4,2.702515697399215,0,1.6797191453480838,0,3,Obesity_Type_III,49.28410547227256
18,1,1.6552357537243907,53.393879462515876,1,2,2,1.3310815896461745,0,0.5843536067640898,2,3,Normal_Weight,19.488201408236304
60,0,1.9304832716562461,71.17452212884159,1,1,2,2.462707943554756,0,1.8620571925551253,1,3,Normal_Weight,19.09820165292698
43,1,1.4585127884399331,143.3250344012837,0,2,2,2.048898788944504,3,1.1058937871557848,3,3,Obesity_Type_III,67.37543339687736
59,1,1.8645507694383605,86.62724886689529,1,2,3,2.9618131165802595,1,1.3930780447757858,2,2,Normal_Weight,24.917593457962735
18,1,1.5159229005579018,162.6288764080241,1,3,2,2.105660712184799,1,1.193477725559816,0,2,Obesity_Type_III,70.76906112848461
25,1,1.8727001010847157,97.74791347250726,0,1,4,1.0500303037817083,3,0.24548010934924092,2,4,Obesity_Type_I,27.872185764516583
29,0,1.7764333153086622,138.7838884934343,0,3,3,2.2077559792481756,2,1.9262293187697597,1,2,Obesity_Type_III,43.97858306465339
39,1,1.8969373881962932,89.69068721417887,1,2,2,1.290632912673252,2,0.2457511597883053,3,1,Normal_Weight,24.925355356548334
39,0,1.5016825925896755,92.54414340186622,0,1,4,2.597081830564174,2,0.5097639128223672,3,4,Obesity_Type_III,41.03861041395802
34,0,1.7462597360728802,87.24327655780712,0,2,1,2.713136392979798,3,1.6272557604459603,2,2,Obesity_Type_I,28.609764756954224
52,0,1.7155765765389646,129.6035281843623,0,3,3,1.9641870375894286,1,1.2371939230022029,1,3,Obesity_Type_III,44.03485883442943
49,1,1.82428238697058,107.9872533915593,1,1,4,2.5664429141045972,3,1.676298330752714,1,2,Obesity_Type_II,32.44803224889539
46,0,1.733173992503648,157.9160420324145,1,3,1,1.2902214709632103,1,1.0314723767480898,3,0,Obesity_Type_III,52.57047769723832
43,0,1.7365893205805452,70.6121798832972,1,2,4,1.9841563730712921,0,0.7539864707332697,0,4,Normal_Weight,23.414525817195575
50,0,1.6776858500953142,51.670904242513984,1,2,2,1.7878885293811693,3,1.8436909990955699,1,2,Insufficient_Weight,18.357975187137296
36,1,1.6136822447238905,88.55094712250111,1,2,2,2.2226347741061625,1,0.0725046350295897,3,2,Obesity_Type_II,34.00612678497367
23,1,1.7056001114636619,116.70580116349377,1,1,1,1.08895437760632,0,1.7122604407060917,3,1,Obesity_Type_III,40.117883498628686
18,0,1.5128009501472524,147.46066605135238,1,3,2,2.5042456764972547,0,0.46163557037556324,1,3,Obesity_Type_III,64.43363223798445
49,1,1.959602069661035,82.62080772172129,0,3,4,1.1582585789493673,3,1.6974726555079356,1,3,Normal_Weight,21.515609702492306
47,1,1.8286377047220972,121.37713064168216,1,2,1,2.3129430350603295,1,0.2783932268337712,2,1,Obesity_Type_III,36.2979021901603
44,0,1.9548075718445588,83.1250338089256,1,3,4,1.0369144510798884,0,1.160437927381081,0,1,Normal_Weight,21.753232908540454
23,0,1.5701655126348806,116.76966745730172,0,1,4,2.663776127513459,3,1.776215838022944,2,0,Obesity_Type_III,47.362996937865056
32,1,1.9160507406935599,150.485801325862,0,2,4,1.3493992604475626,0,0.947079293797781,2,4,Obesity_Type_III,40.990339326582394
45,0,1.8786586918186754,68.15106292468553,0,2,2,2.030994951953981,2,1.4931333476067858,3,3,Normal_Weight,19.309759352642217
14,1,1.808890778602567,89.93444690548694,1,2,2,1.5229858074552387,3,1.6093432357111168,3,1,Overweight_Level_I,27.485356759619403
18,1,1.781265468625159,164.15141475014806,0,1,4,2.445294404122137,0,1.4729884174335584,0,1,Obesity_Type_III,51.73534296387603
58,1,1.617771322591971,148.43818555943204,1,2,3,1.6427022003794425,3,1.8506594737491966,2,4,Obesity_Type_III,56.71675457238091
17,1,1.8826977160314662,110.14462209492144,1,2,4,2.4492183871766344,3,0.8936684610398573,2,1,Obesity_Type_II,31.074353769919448
29,1,1.715803194584259,104.09507657363869,1,2,4,1.569742413670953,1,0.34625087833031154,3,0,Obesity_Type_III,35.358614959497906
37,1,1.4875725352223812,74.8596481703898,0,2,1,2.50494618187152,1,0.09562212740495957,3,4,Obesity_Type_II,33.82918061319492
29,0,1.6158174752532188,104.1683878893847,0,3,4,1.0612109926738085,0,0.4929197392750102,1,0,Obesity_Type_III,39.89801980170374
15,0,1.9457074622290236,145.87086878327335,1,2,2,1.566622670747697,3,0.2863950077604842,2,2,Obesity_Type_III,38.53128391256267
41,1,1.9008605381205685,125.33198867300035,1,1,1,1.9972670128805579,3,1.115897482868961,0,3,Obesity_Type_II,34.686575160649106
45,1,1.9704100199805659,75.5455475504263,1,2,3,1.090119163839451,2,0.369890674423464,2,1,Normal_Weight,19.457886180553285
40,1,1.7828364927801719,64.38445405274516,0,2,1,1.3720681227425573,3,0.07786741457874236,3,4,Normal_Weight,20.25620051156801
33,0,1.5811803387644183,72.41627566160047,1,3,3,2.8690739632824065,1,0.07197965773733572,1,0,Obesity_Type_I,28.964989444022304
37,1,1.5362919763287377,60.38965937549614,0,2,1,2.9536685303603782,3,1.6631389967297232,2,3,Overweight_Level_I,25.586745846953885
25,0,1.5490646535224846,51.05072769898821,1,3,1,2.479499894780971,1,1.1828998628860496,0,3,Normal_Weight,21.274670788902736
48,1,1.4604916989240448,91.81115797969892,0,1,3,1.5044001012338257,2,0.7161706037867563,3,1,Obesity_Type_III,43.042479295552226
46,1,1.6570615188225477,53.27575015418173,1,3,2,1.521034890871938,0,1.7884560854804938,1,3,Normal_Weight,19.40225953010121
46,0,1.5514566706647575,60.66098227361515,0,2,2,2.291580715590146,1,0.1403932228154272,2,1,Overweight_Level_I,25.20171734902382
56,0,1.6681773940420523,107.96291022677525,0,1,2,1.2351992331974035,0,1.9606441454556518,0,2,Obesity_Type_III,38.79628307727602
50,1,1.9455470488745457,59.73950848614642,0,2,1,2.896618760860733,0,1.232583580508922,3,1,Insufficient_Weight,15.782586184873836
25,1,1.6781863110388107,47.048850696293755,0,3,4,1.4496257990203691,0,0.36692850793769693,0,0,Insufficient_Weight,16.70585357482083
16,1,1.9153317834019625,78.99099510351354,0,1,1,2.999271250850888,0,1.358138197953937,2,3,Normal_Weight,21.532256962444215
14,0,1.7709175263064145,66.76020642636792,0,1,4,1.9914675906049208,1,1.5267625195671253,3,3,Normal_Weight,21.28732049237836
46,0,1.5809797239705377,103.92845368729147,1,3,4,2.5428599779858727,2,0.858685566741549,2,3,Obesity_Type_III,41.57974918978001
53,0,1.638603022407382,51.89825265748438,1,3,2,1.0043681890111145,3,1.7232652124910948,1,1,Normal_Weight,19.328815154468447
23,0,1.4944773539853575,133.72311924805524,1,1,4,2.7774928095032836,1,0.3014648145929406,2,4,Obesity_Type_III,59.872559114557724
56,0,1.6267351746058856,153.18542344882746,1,1,1,1.5400040895611609,2,0.5576751671552167,1,1,Obesity_Type_III,57.88735771726948
57,0,1.809096701116873,132.67283191848048,0,3,1,2.3358734890961306,3,0.18698472316797954,2,0,Obesity_Type_III,40.53763760687583
42,1,1.4882188792526005,106.13620671257567,1,2,2,2.6127105615871793,0,0.4217556812147043,0,1,Obesity_Type_III,47.92144915601143
26,1,1.5588627464933555,147.44414554539952,0,1,3,1.328295481118004,3,0.47745762382229007,0,3,Obesity_Type_III,60.67527817663667
25,0,1.652163751949055,126.55971585246995,0,3,1,1.885018962658458,3,1.8352663818434203,3,2,Obesity_Type_III,46.364898336482256
44,1,1.9704862546184603,40.329441428723925,0,2,4,1.9876718813038468,2,0.1562193775023124,0,0,Insufficient_Weight,10.386647371785926
59,1,1.8659767661682065,88.65535924958739,1,1,1,1.624238930678409,3,0.8548302403754189,0,2,Overweight_Level_I,25.462000959183076
15,0,1.838747975640815,146.2199393252568,0,1,1,1.963511659457963,0,1.064797374453826,1,0,Obesity_Type_III,43.24761718753704
48,1,1.5115812069584864,82.57821610488392,1,3,1,1.635091315310676,1,1.7973861076043216,0,0,Obesity_Type_III,36.14119673460637
36,0,1.8639278236159456,43.437111864215964,1,2,3,1.7214954901104185,1,1.995392437322427,1,3,Insufficient_Weight,12.502669721574755
30,0,1.866192470103488,133.0186344575863,1,1,4,2.338662357405478,2,1.5067762298396716,1,1,Obesity_Type_III,38.194393631007806
39,1,1.768584428680894,140.05682205564142,1,2,2,2.265186536609994,0,1.941581981138059,1,3,Obesity_Type_III,44.77676088054076
21,0,1.974891744459137,59.234805575456875,1,2,1,1.4645314515950505,0,1.5742022650717475,2,3,Insufficient_Weight,15.187642948540587
42,0,1.6223845701400126,106.70490260224084,0,1,4,2.794965769590849,3,1.9264052819428332,1,3,Obesity_Type_III,40.53934796220473
39,0,1.9488743975681815,63.18638531346144,0,2,4,2.7255770913427813,2,1.4145414518889103,2,2,Insufficient_Weight,16.63626428186941
23,0,1.9348074909269468,129.6235367995625,1,1,2,2.018166613379903,0,0.15952685090214214,1,0,Obesity_Type_II,34.626480137861506
39,0,1.4560847496671703,73.21535735236318,0,2,1,1.8665014853915007,0,0.803840373985353,2,4,Obesity_Type_II,34.53256833045826
47,0,1.6885617590316497,78.84310544297958,1,1,3,1.7537119659682177,0,1.2931945676049408,3,1,Obesity_Type_I,27.652208489047045
54,0,1.9678652435173338,145.46632755865278,0,3,4,2.4145358373328785,1,0.701437018908502,3,3,Obesity_Type_III,37.56399414926214
20,0,1.50465432207628,99.01661637806995,0,1,2,2.343332114418941,1,0.5467678362275572,2,0,Obesity_Type_III,43.73555151931657
17,1,1.7403258880231594,123.38906085349923,0,1,3,1.3923612138759573,1,1.154798534266182,3,1,Obesity_Type_III,40.73948152833155
58,1,1.9688474787317851,89.69900439103093,0,1,4,2.3429160626007226,3,1.8670037534048698,0,4,Normal_Weight,23.140006413775176
24,1,1.744412574776106,76.54886400641318,0,2,1,1.50486238820408,3,0.06996374703230712,1,4,Overweight_Level_I,25.15592740474802
42,0,1.5506021105752426,117.81023561350733,0,3,4,1.0371166730470511,3,1.5384624070828754,2,3,Obesity_Type_III,48.998443354388286
49,0,1.7585571119490726,58.51205433393148,0,2,3,2.398417355074754,0,1.4454545560892542,3,4,Normal_Weight,18.92049053132569
38,1,1.5583535041932597,85.99797928142473,0,2,3,2.2895872049214994,1,1.9279068507765742,3,4,Obesity_Type_III,35.412475153925776
34,1,1.7254432593340767,65.3386667106262,0,1,1,1.821618524748683,0,1.861422444665087,0,1,Normal_Weight,21.946683654307954
49,1,1.4892423754935444,126.67016583453393,0,2,1,2.0513721118390125,0,1.5244651240883857,1,1,Obesity_Type_III,57.11413036552753
23,0,1.7709058146836345,157.97031363160954,0,1,2,2.8943383834115193,2,1.0408175293651973,0,3,Obesity_Type_III,50.371461578748836
50,1,1.7238986677379238,164.43438196999915,0,3,1,2.1904003618108754,0,0.4085351064670397,2,0,Obesity_Type_III,55.331081917740875
22,1,1.8422855254435755,95.73487811564044,0,2,2,2.3157678706730627,3,1.0904714366511488,3,3,Obesity_Type_I,28.20696170001459
37,0,1.784271249714156,70.81882909419201,1,2,3,1.1278226418982822,1,1.5307039878393076,3,2,Normal_Weight,22.244722204708367
48,1,1.7412913223213011,94.79650066842484,0,2,3,1.3319889213502505,1,1.7913384252757862,3,4,Obesity_Type_II,31.2643522051445
48,0,1.8155827901015043,145.7559456553032,0,1,4,1.6019045528231763,0,1.5794240184210981,0,0,Obesity_Type_III,44.21749797873274
49,0,1.5262892141932822,64.95671549755703,0,1,4,2.0787586360562864,3,0.39053387038210796,0,1,Obesity_Type_I,27.883699034929602
31,0,1.76554062046706,158.9640521082684,0,2,2,2.5531817919666424,3,1.1993726284561188,1,2,Obesity_Type_III,50.9968670897029
52,1,1.5412186194960722,82.07508686856703,0,2,1,1.642481755577174,3,0.664346919062714,2,2,Obesity_Type_II,34.55276901181827
45,1,1.9405267701614968,163.21126109073842,0,3,1,1.7127648609575479,1,0.018411334781285982,1,4,Obesity_Type_III,43.34218921788682
37,0,1.4862170755681703,144.66471982927925,1,3,4,1.5123017703474977,3,0.40044187157733213,1,1,Obesity_Type_III,65.49349048280149
36,1,1.6780986173361203,140.87988730257118,1,3,3,1.5092186585906118,3,0.22644129986689854,3,0,Obesity_Type_III,50.02810312734777
45,1,1.8187726631573857,79.05598889543373,1,3,2,2.8977276917895933,0,1.685438247078937,0,1,Normal_Weight,23.898901516624043
50,1,1.6927517721841772,40.10592870543911,0,3,3,2.2709143592377803,2,0.517012504295624,2,4,Insufficient_Weight,13.996582977398981
25,1,1.4988104842134382,87.14874651207447,0,1,3,1.3118024870798937,3,0.569395937775111,1,2,Obesity_Type_III,38.794280376444796
26,0,1.7432908785471548,77.0279805774994,0,3,1,2.44449715616852,0,1.9198731435977685,2,4,Overweight_Level_I,25.345963004610226
36,1,1.790064911678498,43.71202079150846,1,3,2,2.444042286720058,0,0.7581734460977043,3,3,Insufficient_Weight,13.641537611672032
38,0,1.823009924824969,102.67602231974715,0,2,3,2.3329403921074103,3,0.019171280288789116,1,2,Obesity_Type_II,30.895197058680303
48,0,1.6478277016652623,89.78194522162482,0,1,4,1.2694408901813272,2,0.5676922966922731,0,4,Obesity_Type_II,33.06476280597812
54,1,1.748739784645244,118.95411493543212,1,3,4,1.8159829669391738,1,0.2385991612036249,1,0,Obesity_Type_III,38.89816273515906
43,0,1.6888638317176239,117.26947659645448,1,3,1,1.2135126609888263,2,0.2056171234717079,3,0,Obesity_Type_III,41.114566607400846
30,1,1.8061897005386942,54.214076122981695,0,3,4,2.6332410081842728,3,0.15497458027149902,1,0,Insufficient_Weight,16.61825192211083
33,1,1.7592851926821538,162.09765881195443,0,2,4,2.3103442863558383,2,1.1865189403507546,3,3,Obesity_Type_III,52.372613612109134
38,0,1.7286507963663413,62.55336010962231,0,2,3,2.014407873535637,0,0.37869544725971727,1,1,Normal_Weight,20.933223097641072
35,0,1.5822479144242718,95.10452712035277,0,2,4,1.6860309530011932,0,0.7224855880820209,2,0,Obesity_Type_III,37.98849835633686
26,0,1.451069814406564,100.5028104726506,1,3,4,1.3684989489888668,2,1.7240354322600335,0,3,Obesity_Type_III,47.73111623327796
32,0,1.5422632879150575,141.44591244897913,0,2,3,1.2128951776662158,1,0.8486762795925513,3,0,Obesity_Type_III,59.46663445700868
49,1,1.5120450019548093,51.502929107925496,0,3,1,2.938481215073799,2,1.8313827001032752,2,3,Normal_Weight,22.5269551966441
25,1,1.6880149148558017,93.009179180275,1,1,1,1.399297283912046,3,0.9958761067912125,3,0,Obesity_Type_II,32.64173633588952
54,1,1.7744968199037776,118.1912734497617,0,3,2,1.1197492534427713,1,0.7976732296795115,1,1,Obesity_Type_III,37.534873903270125
32,0,1.5629350546029483,66.109608324631,0,2,4,2.9233335443649926,2,1.5007778541814032,3,4,Overweight_Level_I,27.063422666398164
25,0,1.947700260862609,118.06095524452518,1,1,3,2.097903482715654,2,0.1463501975360042,3,0,Obesity_Type_II,31.121609420920265
22,0,1.4535415284886606,155.38176953125623,1,3,2,2.5933134699822857,1,0.17895676596483479,0,4,Obesity_Type_III,73.54364900078286
20,1,1.8593195380376317,164.68728452775704,0,1,1,1.087531694396637,2,1.3039474278459213,2,0,Obesity_Type_III,47.637833564425165
41,0,1.7813585278511344,43.08883567562514,1,1,1,2.1338917149593093,3,0.9738814264784965,1,1,Insufficient_Weight,13.578821662727188
27,1,1.6479840445552714,68.68411675882936,1,1,3,1.7964199282359903,0,1.5808305006384205,0,4,Overweight_Level_II,25.29008637140018
44,0,1.4767591405385763,78.09869658975387,0,3,2,2.543928868699767,3,1.8325416746870629,3,3,Obesity_Type_III,35.81165983443568
32,1,1.782567883045668,89.28988865606573,1,2,2,1.0768512912781172,2,0.7767337553430951,0,0,Obesity_Type_I,28.100246295442297
60,1,1.6543751618187934,69.5244018556807,0,3,3,1.8033811371232287,0,1.1928200531692925,3,0,Overweight_Level_I,25.40207879912749
29,0,1.946221583889006,64.63948731396938,0,2,3,2.598146838972392,1,1.0013932555906198,1,3,Insufficient_Weight,17.065276680216698
18,0,1.7372547396915758,159.273784144605,0,3,2,2.0453945292767397,3,1.9632213112848658,3,1,Obesity_Type_III,52.773668904115574
48,1,1.9480153009855594,154.73372194908524,0,3,1,2.100077481997208,1,1.6621688147131903,0,2,Obesity_Type_III,40.77558913660551
25,1,1.5668563575408512,44.9210551263928,1,3,4,1.194329363931931,0,1.8234754165547071,0,0,Insufficient_Weight,18.29749260987846
38,0,1.8346347324929746,81.69044072221087,0,2,1,1.2646611122401827,2,0.5086801751552084,3,3,Normal_Weight,24.270125209191733
34,0,1.7771419810498246,90.04871776347923,0,3,3,2.3539992107315717,0,1.5450528463251887,2,2,Obesity_Type_I,28.512367536760284
49,1,1.8418863618105952,69.11583136790887,0,1,2,2.3500932445798397,0,0.5309464499952978,0,0,Normal_Weight,20.372853958765813
36,0,1.5637739679054445,118.23798502051011,0,3,2,2.9582067885045467,1,0.4174850668567798,2,4,Obesity_Type_III,48.35140091126373
29,1,1.8024470936060202,119.68797407717437,1,1,4,2.423905976131101,3,1.8885323193111017,2,3,Obesity_Type_III,36.84049560431993
52,1,1.7139614083201407,146.16353276940322,1,2,2,1.9864869918668946,0,0.03860883343573329,2,4,Obesity_Type_III,49.755025502449996
58,0,1.8436972367003475,132.34952781653743,1,2,4,2.7146556470671057,2,1.9307774073268593,2,1,Obesity_Type_III,38.93526963837844
55,0,1.6233336614004634,107.3642391977104,0,3,1,1.2089459716318725,0,0.2985237939776124,0,2,Obesity_Type_III,40.74216116862007
52,0,1.9217302234965838,121.3519330255969,1,3,1,1.898591641792509,1,1.6388761635865363,0,3,Obesity_Type_II,32.859568621839294
27,0,1.4946796967440157,73.52258647442028,1,3,2,1.5742182218551395,3,0.5518451061362062,2,0,Obesity_Type_II,32.90974417813298
44,0,1.8778103389593297,113.72507993588707,0,1,2,1.2092756138552512,2,0.7014046548614548,0,0,Obesity_Type_II,32.251713928843195
18,1,1.906499401681998,100.64263409848982,1,2,3,2.5270041694407324,1,0.4335154226439699,2,2,Obesity_Type_I,27.68908779377469
48,1,1.8831437250244152,55.80140288186267,0,1,3,2.0215840609977676,0,1.1710280849621593,2,4,Insufficient_Weight,15.735414322470003
36,0,1.7217449889587413,69.56057884945432,1,1,2,2.1135374397949813,0,0.6961910950157482,2,4,Normal_Weight,23.465268717626646
42,0,1.6823440394163034,75.75337479091985,1,3,2,1.822510375820658,3,1.3147860789893264,3,3,Overweight_Level_I,26.765314925479146
56,0,1.9780190118581849,155.4630054486223,1,3,1,1.9206744632054704,1,0.03129463588413195,1,3,Obesity_Type_III,39.7343521347152
24,1,1.5714611341435059,68.02871656262207,1,1,2,1.2320347742460063,1,0.12874976703007923,0,4,Obesity_Type_I,27.547677421103273
31,0,1.7398442619143035,75.44473175527818,0,1,3,2.345835648573953,3,0.1993223054624973,0,3,Normal_Weight,24.923450547244233
60,0,1.8054580284526325,85.53862039126847,0,3,1,1.8648947192104275,2,0.8379873706204621,2,4,Overweight_Level_I,26.241426981123155
25,1,1.821459847006559,122.63158506679876,1,3,4,2.6335351462591667,1,1.6295923453199521,3,2,Obesity_Type_III,36.96265322840247
22,1,1.5581330728414466,53.89803745148971,0,1,3,1.3925744002861522,3,1.7763558207567653,3,3,Normal_Weight,22.200556441967798
23,0,1.7966168689400945,159.19709677421577,1,3,3,1.4101101868376715,1,0.4896214801218015,0,4,Obesity_Type_III,49.32012824841718
57,0,1.8837358702351088,148.06197373194033,1,3,1,2.2915191430613753,3,1.148739448478028,2,3,Obesity_Type_III,41.72568921426597
30,0,1.4765098457151895,111.72922519912773,1,1,4,2.6920068467947935,0,1.536729985385201,0,0,Obesity_Type_III,51.25002629205392
51,1,1.9331062854624177,123.92877129554455,1,1,3,1.9443956772363507,0,0.5776588598392174,2,0,Obesity_Type_II,33.163524378657016
20,0,1.465637149226959,41.09921937677122,1,2,2,2.4539077374662,1,0.8180154734725464,2,1,Normal_Weight,19.13289306623508
59,0,1.638664647218849,81.70704169390453,1,1,3,2.9986598429861715,1,1.0479484053714279,1,4,Obesity_Type_II,30.42841410769132
26,0,1.4583809940034698,139.2531890633417,0,3,1,2.980531279457856,0,0.2697496928160954,2,1,Obesity_Type_III,65.47313827387259
53,1,1.4908869393259783,48.76285469784062,0,1,1,2.4886736856434,2,0.05196458745156063,1,4,Normal_Weight,21.938134864285026
55,1,1.932919191145442,74.57154311055075,1,1,1,2.4791729793564974,3,0.3056116186365665,0,3,Normal_Weight,19.95931967470792
22,0,1.6380762402954583,112.74740037012322,0,1,3,1.4952377743978114,2,1.2537072425070668,0,4,Obesity_Type_III,42.01828427130435
40,0,1.675128911125278,71.30804149006667,1,2,4,2.6670792630875475,2,0.14723652306736335,3,0,Overweight_Level_I,25.41218685932446
15,1,1.564132522132753,156.68122474220942,0,2,2,1.8102042540942411,2,0.3793927297002566,1,3,Obesity_Type_III,64.04273423123844
18,1,1.7664607581989615,55.51338748134059,0,3,1,2.9239878197336453,0,0.6757077713906074,0,0,Insufficient_Weight,17.79056501222011
42,1,1.7652457037792284,139.4716890963801,0,2,4,1.162855377413871,1,0.15574012861273268,1,3,Obesity_Type_III,44.75852170914664
50,1,1.647266207667366,103.00153518020744,1,1,2,1.871680737745452,2,0.38339854232326886,0,4,Obesity_Type_III,37.959118543254235
51,1,1.6265084820568612,133.54167775331445,0,2,1,2.111680975366997,0,1.8225395779670222,1,4,Obesity_Type_III,50.47823525669066
32,1,1.9190310833357116,78.15013136724238,1,1,2,1.8103124141723297,3,0.03859826445396952,1,0,Normal_Weight,21.22099259947282
21,1,1.6531406470103667,103.82568989131688,1,2,2,1.4211583810098867,1,1.3068638483487243,2,2,Obesity_Type_III,37.9913929207816
58,1,1.7115555258418365,146.96125406512022,1,2,4,2.1859769775650197,3,0.7688178618303698,0,4,Obesity_Type_III,50.167315637665354
14,1,1.600151524085213,97.82664048951116,0,2,2,2.511835829250275,2,1.3452974788647423,3,2,Obesity_Type_III,38.206294631255105
35,0,1.8669878367792774,84.32470260069397,0,1,1,2.2896771920403927,1,1.1773834407268091,2,3,Normal_Weight,24.19200374348564
30,0,1.6606475231565185,106.55557866784474,0,2,4,1.468897697616079,2,0.44699750870928856,3,2,Obesity_Type_III,38.63858982441185
20,0,1.722213854668492,129.38770688258222,1,1,3,2.463215888737048,1,1.694418975146777,1,0,Obesity_Type_III,43.623334434912394
38,1,1.5842793001316204,94.88898153281134,1,1,3,1.5137956120891265,2,0.9838807652187134,2,1,Obesity_Type_III,37.80526525608698
58,0,1.9734595839408633,157.2984988679264,0,3,4,1.35040472584808,3,1.6450720378269434,1,1,Obesity_Type_III,40.38946541234112
17,1,1.604492742689573,76.16317382933511,1,2,3,2.3813360308774443,3,0.8120250723764384,0,0,Obesity_Type_I,29.584860055765297
49,1,1.8584935413799424,98.90841437730917,0,3,2,2.6855744922278584,2,1.969371107830478,0,1,Obesity_Type_I,28.635919131606553
19,0,1.6765726946890824,134.37288507702164,0,3,1,1.9630788953931488,1,1.5409787170025926,3,0,Obesity_Type_III,47.80428911259542
44,1,1.5592952246945941,125.82925740246553,0,1,2,2.0627835862768755,3,1.931900410225147,0,4,Obesity_Type_III,51.75173756512675
32,0,1.8738509449013763,147.81877260456167,0,2,4,1.605495140942465,1,1.0286529578197177,3,2,Obesity_Type_III,42.09781039230023
57,0,1.6268115981853928,164.59795676581973,1,1,1,1.9892360302200645,1,0.947382264581401,1,1,Obesity_Type_III,62.19420485614701
52,0,1.9085524741208397,92.78414942818128,0,1,4,1.2639659960248144,3,1.5109076186505157,2,4,Overweight_Level_I,25.47214866537859
40,1,1.9350863080064462,53.005010852697296,0,2,4,2.91166165936598,0,1.7605825260268604,0,1,Insufficient_Weight,14.155207750126177
23,0,1.9057066327573762,42.832400981803964,0,1,4,2.6007213073131927,0,1.928291591731116,1,3,Insufficient_Weight,11.793978412646968
39,1,1.4685541948476069,130.58649017361122,0,2,2,2.3359461216443695,1,0.6491038120649995,2,0,Obesity_Type_III,60.550577978696595
32,0,1.867307872852706,149.12572258489817,0,2,1,2.076388743368806,3,1.5974091476852779,1,0,Obesity_Type_III,42.76817362566461
52,0,1.6680099172445462,66.80978582899675,0,1,1,2.5843382724559287,0,0.4212911952710734,3,4,Normal_Weight,24.01280105011627
16,0,1.9130731476965792,58.96445268592815,0,1,1,1.9895144791716086,2,1.0911486934908905,1,3,Insufficient_Weight,16.111171473345202
58,1,1.7881157592229115,46.837841532237064,1,3,2,1.599947816309065,1,0.3596962968183983,3,2,Insufficient_Weight,14.648920138256786
26,1,1.891830861096298,142.660568136368,1,1,3,1.320748470333344,0,0.6947947235006777,3,3,Obesity_Type_III,39.860187542048266
41,1,1.7146988380294226,78.23412442646563,1,2,2,2.2951711776036143,3,1.8627167344129185,0,3,Overweight_Level_I,26.60850775352824
33,0,1.7335635174374344,89.61380848773183,1,3,2,2.858851490053028,3,0.29218139954617217,3,2,Obesity_Type_I,29.81916082060683
41,0,1.5265254450308436,102.34652414281115,0,2,4,1.3072371070087023,1,1.264801790270393,3,2,Obesity_Type_III,43.920270107971554
21,1,1.8655133001053583,144.7711075104034,1,3,1,1.3600360901016135,3,1.1859085458548067,1,3,Obesity_Type_III,41.59922095056894
54,1,1.6722764941834949,121.0049859167471,1,1,1,1.8672120668190701,2,0.24147670541797295,3,1,Obesity_Type_III,43.270019894841184
52,1,1.7150424626839387,116.49814336208422,1,1,3,2.613798695839378,2,0.6519580875376243,3,1,Obesity_Type_III,39.60675388164912
14,1,1.866101788470725,61.13468459444475,0,1,3,1.5878454579430092,0,1.1259630090305315,1,3,Insufficient_Weight,17.55565419721417
16,1,1.7673880620421025,103.66192635543855,1,2,4,1.5078258493400563,3,0.3743572179769805,2,1,Obesity_Type_II,33.186040641394015
26,1,1.5565823255446136,129.13800816451055,1,3,1,2.2399325829256678,2,1.6012473128256308,0,2,Obesity_Type_III,53.29787497969544
41,0,1.7628233093499732,161.63087126184195,0,2,3,2.0712295637486635,1,1.9443130190694997,1,2,Obesity_Type_III,52.0123821891099
38,1,1.6660454147292176,64.37719496088238,1,3,3,1.1204407288904725,3,0.42951879992494413,3,1,Normal_Weight,23.193077456558292
46,0,1.6988485372832471,40.20246248647056,0,1,1,1.162979954618553,0,0.37382392958115185,1,2,Insufficient_Weight,13.929750386658831
51,0,1.4650049754334138,48.48798063340719,1,2,2,2.2860259603695323,1,0.9098701435948893,2,0,Normal_Weight,22.59206340681799
19,1,1.5613155552436293,86.35741061292939,0,1,3,1.9302471982955591,1,1.4955305542800643,1,2,Obesity_Type_III,35.42568352966062
57,1,1.598950183131945,142.38862561599439,1,2,1,2.941954383178294,1,0.5632012204705028,1,3,Obesity_Type_III,55.693618028936115
58,0,1.827868804165167,39.89990230279888,1,1,3,2.3570628214601292,2,0.039759817394560804,1,4,Insufficient_Weight,11.942129889118387
45,1,1.456091010848001,96.54805470361588,1,2,4,1.020147323986463,1,1.082441256065788,1,1,Obesity_Type_III,45.537217109244644
58,1,1.66665194845144,80.48305753301571,0,2,3,1.9620375596009236,2,1.9132011355346152,3,1,Obesity_Type_I,28.974412451592315
60,0,1.9397342413256384,45.612695472565676,1,3,1,1.828895870070959,1,0.7825537108138911,1,2,Insufficient_Weight,12.122753458574826
34,0,1.5092967267710355,95.72977212074977,0,1,3,1.2134277199875374,2,0.8402691083662008,2,2,Obesity_Type_III,42.02403647340751
29,0,1.7237049257558639,71.09833712442656,0,3,4,2.84641767174438,3,1.9378034342280759,1,4,Normal_Weight,23.929498554414693
34,1,1.866856862667149,83.33748912772282,0,3,4,2.6100225981634475,2,1.3892152232534567,1,4,Normal_Weight,23.912135899639107
24,0,1.9495415929856619,127.90752840282092,0,1,3,1.4601718168400037,2,1.4383438456842503,3,3,Obesity_Type_II,33.65356653562016
50,1,1.8457916189528705,104.71542397278185,1,2,3,1.5119615176859944,3,1.1254040107421353,3,0,Obesity_Type_II,30.735856229991224
49,0,1.8318997407815352,54.70557605309448,1,3,4,1.064036106638902,1,1.9492184217264832,1,3,Insufficient_Weight,16.30152345321094
48,0,1.888038687803754,160.13823209337852,1,1,4,1.593434903158082,3,1.3777329688511122,3,1,Obesity_Type_III,44.92346549098022
32,0,1.6864866471180981,119.12475647942703,0,2,2,2.169244017826707,1,1.790065503210339,3,2,Obesity_Type_III,41.882848597361644
33,1,1.8770976022874515,135.49942163347896,1,3,2,1.8416867767733365,2,1.3987577314664423,1,3,Obesity_Type_III,38.455966568337736
31,1,1.454221134515089,48.98085690105472,0,3,4,2.9385109274393617,1,1.470231649680792,3,2,Normal_Weight,23.16143560471439
60,0,1.9400173593497065,44.92935581196238,0,3,3,1.1121603385273418,2,0.580821844284493,0,2,Insufficient_Weight,11.937653245924967
54,0,1.6849524500441029,41.45045434637823,0,2,1,2.1828603177980215,1,0.606957396027638,0,3,Insufficient_Weight,14.600038345831093
27,0,1.7432914995688462,62.788047499454,1,3,3,2.716618881014096,2,1.5659692991520584,0,3,Normal_Weight,20.660315683726683
28,1,1.5850875919248877,91.21545811253038,1,2,3,1.9614818248194452,2,0.5934125783397992,3,4,Obesity_Type_III,36.30462130598121
44,0,1.8435413414054234,156.9140928087557,0,3,2,1.0059254411207936,0,1.1255401416030633,0,0,Obesity_Type_III,46.16960809375427
14,1,1.4906169774318818,96.5895170674878,1,1,2,1.4856029996525504,1,0.4987046218134039,2,4,Obesity_Type_III,43.470823557018
16,0,1.9124969753498227,75.5721432769387,1,3,2,1.6475379513359323,1,1.6339667616181388,0,0,Normal_Weight,20.661422820878435
29,0,1.8889019193733616,109.80384194347758,0,1,4,2.9319889891149247,0,0.22100270245538,2,3,Obesity_Type_II,30.775046667077845
36,0,1.5645118616097262,53.103756844983444,0,1,4,2.823546563677399,2,1.6588932795233289,3,0,Normal_Weight,21.695393230295675
24,0,1.878941931091189,115.79774226662788,1,1,3,2.898341010215261,2,1.2054596010152037,0,1,Obesity_Type_II,32.79996461304608
25,0,1.8667695985225852,110.62242624564341,0,2,3,2.6515169152339366,0,0.37381906965415457,2,4,Obesity_Type_II,31.744006575519045
23,0,1.785074796809593,138.7911222091194,0,1,1,1.7032954682278088,0,1.0840707710122364,3,4,Obesity_Type_III,43.556086408977684
45,1,1.6479656937568343,163.32263906374504,1,3,3,2.811752844192401,3,0.5649976736946809,0,4,Obesity_Type_III,60.13814885083308
29,0,1.5938943397163898,70.61005743622992,1,2,3,2.9633690118740974,2,0.6469346694609932,1,2,Obesity_Type_I,27.793773119950924
21,1,1.5728453028533556,103.21671280127384,0,1,2,1.7001426245499058,3,0.7030560831937607,0,2,Obesity_Type_III,41.72323791717464
51,0,1.6188627502647117,153.51704119619444,1,2,2,1.5211119319728978,1,0.12663849394464188,0,3,Obesity_Type_III,58.578268611905806
25,0,1.928885975019241,137.933925437278,0,2,2,2.0938325855644426,3,1.9719233688028348,0,3,Obesity_Type_III,37.07302168614122
37,1,1.491149611274054,100.41319419070174,0,2,2,1.37430438519786,0,0.06306925626244819,1,2,Obesity_Type_III,45.15941871655251
41,0,1.889301776414068,158.116827851462,1,3,2,1.0652484428127604,0,1.3249937463685568,2,4,Obesity_Type_III,44.297113454226896
21,1,1.6349117397721664,46.21182338311798,0,1,1,2.891662342231739,0,0.7424552955148611,2,2,Insufficient_Weight,17.28878526165705
41,1,1.7264476798860198,156.30582608378558,0,2,1,2.8514812648828385,0,1.2920205818933979,1,0,Obesity_Type_III,52.44068100949946
49,0,1.8710773858337,45.36393144023363,0,2,1,1.325307707524242,3,0.7124965061751676,0,4,Insufficient_Weight,12.957678067205773
39,1,1.9187195699221749,107.96039775845023,1,2,2,1.8154804938594389,3,1.3475012925177174,0,2,Obesity_Type_I,29.325232610028575
21,1,1.6327341526385029,151.1955594481368,1,1,4,2.6620726265453714,3,1.4584710189367216,0,3,Obesity_Type_III,56.71632493074006
41,0,1.6947770450758084,72.10283888872416,1,2,2,2.322000597641706,0,1.3811052807992896,2,2,Overweight_Level_II,25.1030920334608
41,1,1.6696935143529,98.50331086708997,0,2,2,1.7895750183414278,0,0.22792396271630455,2,1,Obesity_Type_III,35.332739192081846
50,0,1.4570230477570725,79.8654387712578,0,3,1,2.488341994365638,2,1.3137864693093693,1,2,Obesity_Type_III,37.620627800713166
54,0,1.606849731095088,158.97013355162028,1,1,2,2.7940947764203816,2,0.5599750989081946,3,4,Obesity_Type_III,61.56941259523564
49,0,1.6933702938782578,142.77934493888944,1,3,1,2.852316661051736,0,0.057602741138667035,1,2,Obesity_Type_III,49.7922224735209
40,0,1.667879612706633,128.33419042712381,1,1,2,1.757699223844378,2,0.8296613437779079,2,3,Obesity_Type_III,46.13313571441571
30,1,1.8326224905833102,113.0410003135037,0,1,3,1.3471213601456378,1,0.8670862056076021,0,0,Obesity_Type_II,33.65812878580252
22,0,1.6539459171271846,142.39456545484268,1,1,4,2.8256777163879505,1,0.934348266704893,0,1,Obesity_Type_III,52.053604252842206
46,0,1.7093695179544552,88.42564723196693,0,3,4,1.1851108917220565,0,1.4096483307814325,0,4,Obesity_Type_II,30.262606923851468
33,1,1.6776925538301526,95.3915337433638,1,3,1,2.443376782456327,3,0.6176876182849182,0,3,Obesity_Type_II,33.89105416960563
26,0,1.8425318589140163,130.98021685618855,0,3,3,1.2809946297216033,1,0.6305610262078452,3,1,Obesity_Type_III,38.58119660901425
41,0,1.90737537146309,84.077100175008,0,3,4,1.7787737093353844,1,0.12110451248252119,1,2,Normal_Weight,23.110289358579294
42,1,1.7319012118739825,47.0515186980951,1,2,1,1.8231114930900547,3,1.373642431984592,1,1,Insufficient_Weight,15.686549115736128
26,1,1.8683990629234513,48.366160719645,0,2,2,1.3175158302241667,2,1.135652182799168,2,0,Insufficient_Weight,13.854866105718958
59,1,1.6072969414705207,53.53571296451869,1,2,2,2.8453628680132237,3,0.6988502253875761,1,1,Normal_Weight,20.722939267376773
48,1,1.7369258933833525,148.5798467413015,0,1,3,1.0053363360185725,2,1.4103779578347093,3,1,Obesity_Type_III,49.248989846209454
19,1,1.6329718754450853,98.50052964528174,0,2,4,2.7876170864332614,2,1.0747154984537544,3,2,Obesity_Type_III,36.938661617197944
31,1,1.66952649055307,128.8231785374368,1,1,2,2.767658646950971,3,0.9384898917410793,3,2,Obesity_Type_III,46.21759916243867
18,1,1.8381793483507143,88.50657628621656,0,3,1,1.6339273073960032,2,1.022649087322253,0,4,Overweight_Level_I,26.193876530499928
60,0,1.9172811156363379,71.59757937436996,1,1,2,2.408568539758551,1,1.272696250534113,2,2,Normal_Weight,19.477210155103688
38,1,1.5143925572765156,82.7462131128387,1,1,2,1.505617822596631,0,1.320005209149199,3,1,Obesity_Type_III,36.08038759138326
15,1,1.7863588059383115,139.06697550996512,1,2,4,2.517547124507877,2,0.5779156382814343,1,0,Obesity_Type_III,43.57993911233036
23,1,1.7585362180162332,117.77723175396122,0,3,4,2.1222394835754868,1,0.28148672678230646,1,2,Obesity_Type_III,38.08541636654274
43,0,1.5127599707632438,157.14261227469564,0,3,1,1.6004509084953167,3,0.3132683623810375,1,4,Obesity_Type_III,68.66792438083087
58,0,1.5623039951332578,124.64280210068108,0,2,3,1.8004695072753092,2,1.2787817718060033,3,4,Obesity_Type_III,51.06650281920024
18,1,1.6148313222083206,110.84288560109144,1,3,3,2.379777464476807,1,1.745746571534252,3,1,Obesity_Type_III,42.50631869495768
46,1,1.5384734675332759,115.88469713221514,1,3,2,2.812194899287566,2,0.8189925566911036,1,2,Obesity_Type_III,48.96052526571359
14,1,1.5791766257379012,157.73880137302024,0,3,1,1.2614530331345493,3,0.33904032065892475,3,2,Obesity_Type_III,63.252416516808275
31,0,1.5918284233967048,138.31331716320497,0,2,3,2.1427279393383145,0,1.5132049965877092,1,4,Obesity_Type_III,54.58477027534007
45,0,1.6279071315107017,42.02919590817117,1,3,3,1.507458398914235,2,1.664978948838897,0,2,Insufficient_Weight,15.859585399575613
60,1,1.8471769399846143,106.30160171309785,0,1,2,2.6027444997509184,0,1.7611648862419331,3,1,Obesity_Type_II,31.154645354336825
24,0,1.7531134680408185,125.73063985486716,1,1,1,1.1404746117389621,2,1.2136628578274664,0,0,Obesity_Type_III,40.909208163685456
34,1,1.9727107361342426,133.33600828333354,0,3,3,2.3779115803423396,2,1.7214571187761694,0,1,Obesity_Type_II,34.26262500759087
39,0,1.6698099882927595,65.85590703355602,1,2,4,1.3498920273820596,3,0.030829916896815357,3,2,Normal_Weight,23.61895216443864
38,0,1.8495484891335703,148.2643466608704,0,2,4,2.1927708368064582,2,0.21447160353904704,1,1,Obesity_Type_III,43.341634458783105
35,1,1.9118782633295628,159.43623654407062,0,2,2,2.6713851743853843,1,0.1851521341041975,2,3,Obesity_Type_III,43.61808185473387
40,1,1.8098586013101623,68.8261285364536,1,3,2,2.5101613242433594,1,1.425209368509466,0,3,Normal_Weight,21.01183825411932
26,1,1.6682883124212728,150.20954764717297,1,3,2,2.5058857753672745,0,0.13916356708715805,3,2,Obesity_Type_III,53.970361090669364
46,1,1.849405154295249,51.21932407702802,1,1,2,2.03569062437381,0,0.9927287449326141,0,2,Insufficient_Weight,14.975099462531379
47,0,1.557943583019523,46.01906135052089,0,2,3,2.7814911836994427,1,0.9454137972725782,1,0,Normal_Weight,18.95982404713185
54,0,1.6236026475454701,55.28219881294642,1,1,1,2.176210396483996,0,0.6214070471164819,3,1,Normal_Weight,20.97132191468545
48,0,1.739743185202623,46.275376012846536,1,1,2,2.835035937099141,0,1.7408103398841996,2,0,Insufficient_Weight,15.289020689380507
14,1,1.7549669752616586,145.47154188162776,0,2,2,2.0930449156648354,1,0.340866403759992,3,2,Obesity_Type_III,47.23241430245801
34,0,1.4617349820004937,46.440318201742265,1,3,3,2.0119311260400057,1,0.7049255687984797,0,2,Normal_Weight,21.73491297727135
19,1,1.9509105200406847,73.2296881118206,1,3,2,1.444706038420629,1,1.5483430000458582,3,4,Normal_Weight,19.240328523949575
41,0,1.8192124537452168,52.073299285517905,1,1,2,2.0895733080604098,3,0.06084462878656849,3,0,Insufficient_Weight,15.734329982088692
30,1,1.7127229876229022,76.22317657553438,0,1,1,1.281169662497794,3,1.3459008004927373,0,2,Overweight_Level_I,25.98440582508084
18,1,1.9445574342364034,50.410492917715985,0,1,4,2.7393804025190907,1,1.6327954527231412,2,3,Insufficient_Weight,13.33151157636638
44,0,1.682720649582939,123.16840959361977,0,1,2,2.351783777416587,2,1.8645356776763344,1,4,Obesity_Type_III,43.49860057733072
18,1,1.969630852243297,55.79917885916447,1,2,3,2.987270896985884,1,1.7525932809829698,3,1,Insufficient_Weight,14.383286494743656
51,1,1.7215109213390472,146.33258665569986,0,1,1,1.1841948555810462,3,0.6387682336673703,2,4,Obesity_Type_III,49.37663448142176
16,0,1.5105714580989291,141.96607239155676,1,1,3,1.4813454996905737,0,1.1727282826459051,1,1,Obesity_Type_III,62.215990308656
36,1,1.855344515403417,40.72137236929679,1,3,1,2.7543172085322785,2,0.1545869863009317,0,3,Insufficient_Weight,11.82968761476642
50,1,1.8098157942912554,151.86152079490444,1,3,1,1.7905081995378354,2,0.5157400070960172,2,1,Obesity_Type_III,46.36379712011633
50,1,1.859682962291961,42.64698390966425,0,3,2,1.9326059799637951,0,0.18844475749501477,2,0,Insufficient_Weight,12.331346403313539
23,0,1.9542642752246109,69.19536890465213,0,2,2,2.721303774775234,2,0.6303745803079277,3,1,Insufficient_Weight,18.118007830522625
23,0,1.8615393304050396,43.08103135977538,1,2,2,2.0436464498999047,0,1.750374426917458,0,1,Insufficient_Weight,12.432018822705935
32,1,1.7740083991748228,81.31627936695381,1,3,4,1.3869516988287363,3,0.6943336793485853,3,4,Overweight_Level_I,25.83843204702427
30,0,1.9043737182512457,103.74718223987223,0,3,4,2.784060230819562,2,1.1237962060028528,0,3,Obesity_Type_I,28.606976001018392
34,1,1.8068206128579016,139.37725349590738,0,1,3,1.062123312846067,2,0.8667616962298816,1,1,Obesity_Type_III,42.69350684790478
27,1,1.6663031001177393,81.58567535919934,0,1,2,2.7907925352868865,0,0.9178330485974706,3,0,Obesity_Type_I,29.383661230659573
22,1,1.9193784750481397,127.8917431088127,1,2,4,1.1010404533446694,0,1.9391441036731165,0,4,Obesity_Type_II,34.715327483921875
59,1,1.5676072442157176,62.625561596991524,0,2,2,2.331698729200256,3,0.5923089365277159,0,3,Overweight_Level_I,25.484558249267163
14,1,1.828759875701624,133.57540554975992,0,1,4,1.1433587593506693,0,1.2546489390463427,2,3,Obesity_Type_III,39.940466454101305
58,0,1.917228631118601,68.73557234456393,0,3,4,2.412425971930131,0,0.8401253391588941,3,2,Normal_Weight,18.699661342967335
26,1,1.837597755442747,57.08663924891476,1,1,1,1.0679426426659018,3,0.12229236209537242,3,0,Insufficient_Weight,16.905716155354593
17,0,1.8195559720985441,62.361515147130845,0,2,2,2.6849154554215753,1,0.9786616632484719,1,4,Normal_Weight,18.835875840940115
14,0,1.848898295858073,61.939954239113774,1,2,2,1.9318879018599695,1,1.6266866580902166,0,4,Insufficient_Weight,18.11944269608593
53,1,1.6964792815993415,103.62072280150089,1,1,4,1.1869078253377559,0,0.19750593736337674,2,0,Obesity_Type_III,36.003895876931246
45,1,1.9133104615432237,145.4444952297064,1,1,2,2.413638890020288,3,0.13918369479261794,0,3,Obesity_Type_III,39.73071643890596
47,0,1.5578213318221283,49.030239701055706,0,1,4,1.978580315007525,1,0.3072630407865333,0,1,Normal_Weight,20.203598226802573
41,0,1.5175148004801797,128.07649613017125,0,2,2,1.3818977177508858,3,1.5288002227786122,0,0,Obesity_Type_III,55.616488732169685
44,0,1.6013196534628111,121.44765391626007,0,3,1,1.0313447477774516,0,1.447990768289476,3,4,Obesity_Type_III,47.36233026305349
21,1,1.7317360202907464,148.93751393049968,1,1,2,1.8359965194510743,0,1.130035537812221,0,0,Obesity_Type_III,49.663888416862484
52,0,1.7205977515669493,69.76259262387032,0,2,1,1.1712584614570711,3,0.9364528081852648,1,3,Normal_Weight,23.564808242422533
39,1,1.884917341568591,95.71384219431374,1,2,3,1.1883393964944744,2,1.7766516294052441,2,2,Overweight_Level_I,26.939537172686855
47,1,1.6644213878941292,155.6542491798832,0,2,2,1.5346590967253537,0,1.533395647666965,2,2,Obesity_Type_III,56.186813805979604
16,1,1.7067025459344995,122.15917471704996,0,1,2,2.260916594484849,0,1.6238845026036104,0,1,Obesity_Type_III,41.938260923405636
25,0,1.4570848721274796,87.98482002056122,0,1,2,2.0598212171218986,0,1.6265246027013085,2,1,Obesity_Type_III,41.44174666114249
14,1,1.6671617953147577,55.55796023976383,0,3,1,1.1379746165173612,0,1.285434309491116,0,3,Normal_Weight,19.988987377833258
57,1,1.7933203434636813,72.07311099547448,1,2,2,2.9368625517849396,3,0.9160292486318917,3,1,Normal_Weight,22.41080817250566
18,1,1.4582194152320938,112.2331501636623,1,1,2,2.774337376589182,3,1.7293555051713008,2,2,Obesity_Type_III,52.780730941412195
43,1,1.5988674415487092,129.48916139262474,1,2,4,1.5184509742903165,3,1.8520148352065013,3,3,Obesity_Type_III,50.653388192706316
43,1,1.5602168704233765,54.67715774333858,1,2,3,1.2446771519242825,3,0.047612086516686025,3,3,Normal_Weight,22.46135705555311
30,0,1.4722522773220816,114.5492547655508,0,3,1,2.8848057295139804,2,0.1031097465325026,1,3,Obesity_Type_III,52.84790778709314
60,1,1.704007847654705,108.34426113368262,1,1,4,1.9222835557613998,3,1.9174865938168746,1,0,Obesity_Type_III,37.313220204222254
36,1,1.546313345410923,103.75838628302921,1,1,1,1.6223339295428716,3,0.5543212276883895,2,1,Obesity_Type_III,43.39385171313183
28,0,1.8438332160046316,125.955512827933,1,2,4,1.9807160703303748,0,1.7467388792988374,0,4,Obesity_Type_III,37.04878002608751
50,1,1.8994017783945747,144.5186489805162,0,2,3,2.545488289092824,2,0.7775902379228052,0,2,Obesity_Type_III,40.05808763885198
34,0,1.7391601468146483,79.69670008028541,1,3,4,1.336770596606109,0,0.2382001152187112,0,1,Overweight_Level_II,26.348821147782868
27,1,1.970304891536205,151.01553595398087,1,3,1,2.5349916670186143,2,0.16088640041866853,0,2,Obesity_Type_III,38.90046181990753
15,0,1.6887536428794154,59.23983518993739,0,3,2,2.498893575867731,1,0.31301579816091296,1,1,Normal_Weight,20.772140138123493
24,0,1.7220851514192053,60.80100758864671,0,3,2,2.0786964096817595,2,0.49978638973472944,0,4,Normal_Weight,20.502250347538627
52,1,1.9742854095976075,72.61328001661441,1,3,3,2.7316845774991636,2,0.9770367078616524,0,2,Normal_Weight,18.62928482510306
51,1,1.5727206710614758,54.060889562931806,1,3,1,1.264286756339721,0,1.402995801131567,3,4,Normal_Weight,21.85646882098286
47,1,1.9495493480287598,68.02022231004257,0,2,1,2.190958013331346,2,1.9727971529705999,0,2,Insufficient_Weight,17.896560853424198
51,0,1.47270390421313,52.40788212575842,1,3,1,1.8986861050036432,2,0.8830134865783421,0,0,Normal_Weight,24.163827865376277
47,0,1.6865850518394931,142.54080454015917,0,2,3,1.8445842256716634,0,1.0363698846862197,1,0,Obesity_Type_III,50.109804919720666
31,0,1.487101861430525,56.5100929777147,1,2,2,1.5051221425390509,1,1.0436314027665112,2,2,Overweight_Level_II,25.553158416965047
43,1,1.8364944137442307,133.15949225254195,1,1,4,1.744559313619816,1,1.0788687109758721,3,2,Obesity_Type_III,39.48143299661131
28,0,1.7724567360164094,45.03714735708005,1,2,3,1.2163015120473315,1,1.0354813142089245,3,4,Insufficient_Weight,14.335722579305871
40,0,1.824516159637826,158.5135612667533,1,2,4,1.5031979395296504,2,0.017549510123835654,2,3,Obesity_Type_III,47.617982901693296
47,1,1.648474611983049,128.60617102849852,1,3,2,1.5439302155561652,0,0.0034496442196814137,3,2,Obesity_Type_III,47.325725701999886
51,0,1.6458254250366315,39.85636512185008,0,2,3,2.441335734920279,1,0.19533263625224584,0,1,Insufficient_Weight,14.713979767978913
46,0,1.4740192178492741,135.24591902522695,0,3,2,1.0971008544177263,1,0.20311320685835765,0,1,Obesity_Type_III,62.24692151589691
37,1,1.6354708179507091,103.77432201653934,1,3,4,2.3023846163017216,1,1.4097938179095921,2,1,Obesity_Type_III,38.797550407960365
28,0,1.9425228531988914,137.2000114622251,1,3,1,1.4428198195863797,1,0.40983206503199954,1,0,Obesity_Type_III,36.35983250689641
43,1,1.650990064705638,104.83459792021415,1,1,1,1.1637230118325879,0,1.7894282095112257,1,4,Obesity_Type_III,38.460569816734235
55,1,1.890624884297644,119.76913206205468,0,3,4,1.6016123221708682,1,1.857212659154039,3,0,Obesity_Type_II,33.50689331128085
30,1,1.896432517517465,138.0777885797751,0,2,1,1.4489457388572056,2,1.9517866757917974,1,1,Obesity_Type_III,38.39273365546492
18,1,1.647817812880994,90.04361487806995,0,3,4,2.1040647516797,2,1.8781626097740403,1,2,Obesity_Type_II,33.16152813271503
42,1,1.7849540006099802,39.34122687737696,0,3,3,1.7147528068959248,0,0.5437766438370493,1,1,Insufficient_Weight,12.347921003679113
17,0,1.500546949204721,146.09325848909373,0,3,3,2.931987484816652,3,1.019553689407025,1,2,Obesity_Type_III,64.88301153086577
23,0,1.5049496477891664,86.99218569070749,0,1,3,2.9270991987817014,1,0.350909940393882,1,4,Obesity_Type_III,38.40929213213128
30,1,1.475788561740708,101.50138347808947,0,2,1,1.887430538240479,1,1.6124193103448663,1,3,Obesity_Type_III,46.604052393636124
23,1,1.757937999488808,39.97859691140006,0,1,2,2.590174921320519,2,1.7768634102881922,1,2,Insufficient_Weight,12.936608645578739
30,0,1.6758176181418314,101.00359330411234,1,2,1,1.02653708172175,0,1.7025776785950297,3,0,Obesity_Type_III,35.965269642456214
33,1,1.7404571490320473,163.2974125980379,0,1,1,2.0956231694496052,3,0.8667338973936698,0,1,Obesity_Type_III,53.90792719072514
37,1,1.7261687909694454,74.06172526316497,0,2,2,2.486598344613958,2,1.517347769373562,1,1,Normal_Weight,24.855774719939884
18,1,1.635607585278087,88.82270205053965,0,1,2,1.4338864508146718,3,0.19515833915253888,0,1,Obesity_Type_II,33.202114937409
47,0,1.8090609098564405,125.58593955505326,0,3,2,1.1223435103318875,0,0.08048954123850138,2,2,Obesity_Type_III,38.373785183243825
19,0,1.852005996885687,141.664002107981,1,1,2,1.3118378718129118,0,1.5064728286175217,0,4,Obesity_Type_III,41.302346852733756
15,1,1.457752977205168,91.59134462476864,0,1,1,1.883696174347714,0,0.8507105486573674,2,2,Obesity_Type_III,43.10092201435741
26,1,1.5598384188775054,78.01827767056287,1,3,4,2.012742841512524,2,1.9910985294791383,3,0,Obesity_Type_II,32.06543477995243
56,0,1.8280150100841686,157.16605079811845,1,3,3,1.761770244217537,0,0.1945084317110648,0,1,Obesity_Type_III,47.03262577997094
56,0,1.6549086914959321,124.32026580063032,1,2,4,1.87994753408476,2,1.7112553630704674,2,2,Obesity_Type_III,45.39351950336557
24,1,1.8011164918790523,53.996684366135774,0,2,1,1.9404699192185626,2,0.9599661310579835,0,1,Insufficient_Weight,16.644988036717812
60,1,1.633890209659316,47.68491264496573,0,2,2,2.5388733232021927,1,1.654300391007754,3,0,Insufficient_Weight,17.86221244814325
36,0,1.6571002307347076,99.9272811995865,0,1,3,1.2104837961553048,2,1.6342545643402897,0,3,Obesity_Type_III,36.39037372878802
29,0,1.534099803055533,66.73134832195632,1,2,3,2.5379009343187917,2,1.8319840027241547,2,3,Obesity_Type_I,28.354544279208007
44,0,1.5868624404230647,71.00207892540794,1,1,4,2.3772546045899965,1,0.5957000225722056,1,3,Obesity_Type_I,28.196324700539236
24,1,1.7708682314790212,149.58921453230886,1,1,1,2.483321618952636,3,1.8995987069240061,1,1,Obesity_Type_III,47.7010334088949
29,0,1.6795764489970382,50.28531906385514,1,2,1,2.468936771750646,1,0.30333392071524057,1,2,Insufficient_Weight,17.82549741021522
21,1,1.8603804219606355,129.13587851884012,0,2,1,1.9411836316035673,1,0.16393755518698105,3,1,Obesity_Type_III,37.31155940888652
17,0,1.9018700261173216,73.1639239259541,0,1,3,1.4228003691218,0,0.8632310347446983,1,4,Normal_Weight,20.22717918249905
53,0,1.7370726016548828,134.80135589692134,0,3,4,2.073257808603608,0,1.6566459372836853,3,2,Obesity_Type_III,44.67435797516272
17,0,1.8518816647897114,130.0238344424066,1,3,3,2.9159641072181994,1,0.9468422612668912,1,0,Obesity_Type_III,37.91372936834909
38,0,1.612659391993122,39.93137958198092,1,1,3,2.1770513627867274,0,1.6585733550610282,3,3,Insufficient_Weight,15.354264382555556
16,1,1.6699347441620414,103.15106202812149,0,2,2,1.0220942904255552,1,1.4593736115886105,3,2,Obesity_Type_III,36.98917990203143
45,1,1.8277721683949204,56.554254779633844,0,1,4,1.1194218097527813,0,0.4188567722778671,0,2,Insufficient_Weight,16.928604704223005
16,0,1.6546923561930262,148.1446058529133,1,1,2,2.985726867207105,2,1.8977632497989276,1,3,Obesity_Type_III,54.106734211483975
40,1,1.7619076156342641,148.81982124066323,0,2,1,1.1438927184788807,0,0.12156233725880683,0,0,Obesity_Type_III,47.93961181108292
42,0,1.548247572913731,91.71157174421351,0,3,3,1.0920903200897971,0,1.7965594150875899,2,1,Obesity_Type_III,38.259855079242705
45,0,1.767878796934364,94.99384792483616,1,1,4,1.7060485387173108,2,0.608886897980748,1,1,Obesity_Type_II,30.394185225110935
32,0,1.9066022648302536,77.21365036497042,1,3,1,2.9386344065386734,1,1.0002961663287986,1,2,Normal_Weight,21.240947012738534
34,0,1.9103790091064154,129.2923936689639,1,3,4,1.6373503074657314,0,0.844703745401469,1,3,Obesity_Type_III,35.42696113094182
18,1,1.833902535354656,84.19133174133384,0,2,3,1.8197682617505413,0,0.34366911383383236,1,4,Overweight_Level_I,25.033114016768252
31,0,1.8452492909103468,72.74185178985186,1,1,4,2.268154122417131,2,0.7162937328033863,0,0,Normal_Weight,21.363591174577405
41,0,1.7457015459298713,93.46111349756804,0,1,1,1.0482236786527956,2,0.38586887258559055,0,1,Obesity_Type_II,30.668388622488305
55,1,1.7598740877878871,50.5274273168198,0,3,2,2.795527155038376,2,0.4077729509210477,3,0,Insufficient_Weight,16.31413276764511
35,0,1.5208348081475744,133.07200378516967,1,3,3,2.038886035108864,3,0.3741136720527607,0,0,Obesity_Type_III,57.533740304160844
34,0,1.6852453698632897,40.58714656024516,0,2,2,1.933621812008116,2,0.9780347606931885,3,0,Insufficient_Weight,14.290987341014016
19,0,1.6889114304597728,120.20511775159484,1,3,3,2.721453324413261,1,1.595862735022631,2,3,Obesity_Type_III,42.1414241440003
14,1,1.9580038529039023,62.04093037111392,1,2,1,2.9061531787160426,0,1.137940067522482,0,3,Insufficient_Weight,16.18270874436257
18,0,1.6784760371903433,68.28290982301606,0,1,3,1.8468504632936695,0,1.7864131771016838,3,3,Normal_Weight,24.23715996146464
54,1,1.7411516017984616,119.08963182864504,0,2,2,1.3448821585864614,3,1.2730889771534484,1,2,Obesity_Type_III,39.28265015027188
25,0,1.7326232416179244,164.1108766886463,1,3,3,2.631418540004146,0,1.3786802312652089,2,3,Obesity_Type_III,54.66748493606768
39,0,1.7874837100334933,136.9924036231414,1,1,1,1.8065208424449744,0,1.3352144594540063,3,2,Obesity_Type_III,42.87580632535385
59,1,1.8465634006059048,67.45579366014739,1,2,3,2.8710910790235324,1,0.8989183863674823,2,1,Normal_Weight,19.782938890241446
47,0,1.569272194370562,61.17911913518286,1,1,2,2.899797967661966,0,1.3786776444001656,1,1,Normal_Weight,24.8431499317103
27,0,1.730223942122171,148.14534165372646,1,2,1,1.229658063442739,1,0.13941549293792233,1,1,Obesity_Type_III,49.48611559454677
39,1,1.8877363848774962,94.96717743810953,1,3,2,2.9131079346657023,3,1.7197029438313263,3,1,Overweight_Level_I,26.649608727482907
58,1,1.6954507983338811,56.26865315634759,0,3,3,1.736540650890242,1,1.5556242868878347,3,1,Normal_Weight,19.574746104559335
40,1,1.5975824995779937,147.6386393385642,0,1,4,2.292505035314381,2,0.4904599164633576,1,3,Obesity_Type_III,57.846014889814
22,1,1.7969958099388386,141.82763646719695,0,1,2,1.069500163468092,2,1.5360649085081648,3,4,Obesity_Type_III,43.92044549235432
39,1,1.8865967197735352,162.9722018510426,0,1,3,2.777768548167665,3,0.025285202800036988,1,3,Obesity_Type_III,45.788391047041046
60,0,1.4834643552515174,153.62770452579815,1,2,4,2.28319465868973,0,0.43449314496176084,0,4,Obesity_Type_III,69.80962585352981
35,1,1.8616989562058304,146.32558267122823,0,3,4,2.2871089339128385,1,0.13027447734179187,3,3,Obesity_Type_III,42.21835930049941
60,0,1.8854734044697388,45.624374124186396,0,1,1,2.8043523199549676,2,1.5604538332357893,2,1,Insufficient_Weight,12.833824560508075
43,0,1.6946071516219616,52.156336556762874,1,1,4,2.0166943498146863,1,1.5117483023567744,1,0,Insufficient_Weight,18.1622232328579
56,0,1.9711519981137877,110.69188248231947,0,1,2,1.821033280725101,2,1.6272720476036613,0,4,Obesity_Type_I,28.48889103782331
30,1,1.8669554205748737,105.96638503150943,1,2,2,2.7322575045846325,1,0.00896338665105767,3,0,Obesity_Type_II,30.401864782696904
39,1,1.8600411593947028,96.70336502568148,1,1,4,2.4848410237427965,0,1.002465453356816,1,1,Obesity_Type_I,27.95094384521625
49,0,1.846354444438398,88.9954550022376,1,1,3,2.897951329929802,3,1.409672395034673,0,4,Overweight_Level_I,26.105840213376375
14,1,1.5298222947056852,93.33252109290544,1,2,2,2.8802437866210653,0,0.3108022574780309,3,0,Obesity_Type_III,39.87962130046202
21,1,1.5651323698200956,110.7315397009842,1,2,2,1.7646523291204805,1,1.2995814550252494,1,3,Obesity_Type_III,45.20320118811784
48,1,1.6959147696761452,39.26164121761023,0,1,1,1.8939725802828358,2,0.16822019861937143,1,1,Insufficient_Weight,13.650872336553471
28,1,1.5899223054785168,71.84930554073938,0,1,3,1.511969907581557,2,0.36265171220862635,1,3,Obesity_Type_I,28.423055976107264
60,0,1.6700777153370414,104.3032448067776,0,2,4,2.3212957782771353,3,0.951593629989202,3,3,Obesity_Type_III,37.39594024370334
35,0,1.9208859782591479,129.99922843287942,1,3,3,1.7290839401777731,0,1.307130305362204,0,1,Obesity_Type_III,35.232024716473504
27,1,1.8868932526960127,60.94374324181994,0,2,1,2.5722012932153424,0,0.2917382539077922,1,4,Insufficient_Weight,17.117268484304066
39,0,1.7839211355943905,107.90702789721655,0,3,1,1.243101521461821,0,0.3704466616618758,0,2,Obesity_Type_II,33.907707560947344
41,1,1.9048038089530848,129.0219201696085,0,1,3,1.2328057023314918,2,0.408892734131326,0,2,Obesity_Type_III,35.560102106354826
36,1,1.8653993661791421,95.02308489715199,0,1,1,1.4089107628387938,3,0.47740160939795695,2,1,Overweight_Level_I,27.307722180094697
27,0,1.677362013875672,42.41222284242643,1,3,1,1.168584376874827,2,0.45310769705258247,0,2,Insufficient_Weight,15.074309486059402
37,0,1.5565645305864708,95.60778796667023,0,2,1,2.2400632153564697,0,0.7902982169952735,0,0,Obesity_Type_III,39.460175305267704
15,0,1.7225265512049497,76.3520558557633,1,1,3,1.2947055320334773,1,1.3075793016734458,0,4,Overweight_Level_II,25.73290908190971
58,1,1.8402013077401316,156.13585057036738,1,3,1,1.3199258349353085,2,0.8760635662689393,0,3,Obesity_Type_III,46.107541251098006
39,0,1.6813023873266844,54.70128659546925,0,2,4,1.028456447458332,3,1.5519478174997763,0,3,Normal_Weight,19.35111001275455
27,1,1.8033891121854655,121.21197039391124,1,3,4,2.5641800292472197,0,1.4385370118972296,3,1,Obesity_Type_III,37.270620607552345
20,0,1.499993535934253,45.642690558147144,1,2,2,2.624592110846962,1,0.25305382809815136,2,3,Normal_Weight,20.28581508614527
16,0,1.8464425102768438,95.21747516439976,1,2,4,1.3240448327288794,2,0.09768324664148786,1,0,Obesity_Type_I,27.928337288679835
60,1,1.8807382185433228,108.80141538973015,1,2,2,2.479048868534449,1,1.7558831279992122,2,0,Obesity_Type_II,30.759398967342605
36,1,1.8246240635636868,76.54232134592505,1,2,3,1.8670902463147192,1,0.15966213312574684,2,1,Normal_Weight,22.990839674533774
59,1,1.9626497013889739,96.33953007556843,1,3,1,1.4791897659307827,3,0.29667836143942616,1,3,Overweight_Level_I,25.010302149498237
56,1,1.8881255904541394,59.60777811080361,1,3,4,2.242769216147658,2,0.04426655111623612,0,2,Insufficient_Weight,16.720188792560542
60,1,1.9286396757745652,77.31960503297256,0,3,2,1.3569681486941696,3,1.2566727305973076,1,2,Normal_Weight,20.786790226917827
58,1,1.9447926742325534,117.25939693868558,0,3,3,2.513767215306071,0,1.1647411263166971,0,4,Obesity_Type_II,31.002808410024514
31,1,1.8747144356931185,77.02680703850555,1,3,2,1.0952304551411034,1,1.9738073328705112,1,1,Normal_Weight,21.916522642067974
51,1,1.8073571862634445,152.36762787951784,1,2,1,2.918261865855829,3,1.773864792634344,3,4,Obesity_Type_III,46.64496009183369
48,0,1.4530308481212182,118.1792766627647,0,1,4,1.143750507417249,3,0.8216863549618194,2,2,Obesity_Type_III,55.97468501649853
28,1,1.696887649208256,94.26977632293404,0,1,3,2.1588968384973795,0,0.74317168182507,0,2,Obesity_Type_II,32.739067043845374
38,1,1.7527160182698514,43.88337387982699,0,3,2,2.804388580244757,2,0.5937040685599702,2,2,Insufficient_Weight,14.284889935192322
50,0,1.6111360443974398,101.94309023578857,0,3,3,1.0238089376957007,3,0.30481384007576273,0,4,Obesity_Type_III,39.27293571960332
41,1,1.6185953568588403,135.36180650776123,1,1,2,1.997028921978114,1,0.2761673132040181,1,1,Obesity_Type_III,51.66775139636306
23,0,1.9594144903263875,72.46025734956412,1,2,2,1.7000139286213598,1,0.26456741601921085,1,0,Normal_Weight,18.87327383857431
52,0,1.9226067585574553,140.65346977574467,0,3,1,2.160664380515818,1,0.2282295143735571,1,0,Obesity_Type_III,38.051301939889235
30,1,1.900064872915903,70.72765252241106,0,2,1,1.4509147734753174,1,0.48102408481107384,3,2,Normal_Weight,19.59080968718999
52,0,1.6651862549042387,142.79204488180085,0,1,2,1.1297984344634495,3,0.6133372606262328,1,1,Obesity_Type_III,51.49657889687998
35,1,1.4572602317167247,49.743811043071354,0,1,4,2.251866073697414,1,1.9231579420778318,1,1,Normal_Weight,23.42420328852502
39,0,1.4925177906215283,148.1391473174977,1,3,3,1.833698478986805,3,1.1569465020037715,3,3,Obesity_Type_III,66.5014029338639
57,0,1.61546407515533,101.89749281759964,0,2,3,2.244971077412459,2,1.975191549026562,2,3,Obesity_Type_III,39.04531125243427
38,0,1.4583437438877087,76.36373629215302,0,3,1,1.4210782936756858,1,0.7449338956513465,2,4,Obesity_Type_III,35.906027849189954
30,1,1.459089384415055,72.40426955230875,0,1,4,1.6774825259069637,2,0.9152532651788821,0,3,Obesity_Type_II,34.00951048721726
26,1,1.9357997498704778,93.4333304252257,1,2,2,2.123362778729221,3,0.6491573183305583,2,4,Normal_Weight,24.933369362640406
33,0,1.8242640061230986,164.88023676105928,1,3,1,2.186225556649455,0,0.36577530179310536,0,0,Obesity_Type_III,49.54424604357371
38,0,1.6137466747361209,66.76125157313541,1,3,2,1.7446296155485304,2,0.28632941555515834,0,2,Overweight_Level_I,25.636205784512097
17,1,1.5203016261285052,52.005297758753954,0,3,2,1.5601064112331129,1,1.8901583956156638,2,1,Normal_Weight,22.50028749173829
23,1,1.7211669304843908,112.7144312585514,0,1,1,1.5474012589771917,0,1.9736213635975115,2,0,Obesity_Type_III,38.04814934133154
16,0,1.4528334652528132,100.5563507714724,0,3,4,1.3493987028417969,2,0.0898189930174631,3,0,Obesity_Type_III,47.64066710111725
54,0,1.9473592842448162,105.04873015397672,1,2,3,1.6508099246591743,3,0.30069174946353305,0,4,Obesity_Type_I,27.70120339236999
58,1,1.669852013276142,123.03386261220935,1,3,1,1.39888067402644,3,0.8470481846020452,2,2,Obesity_Type_III,44.12337149211803
31,1,1.6632375262757864,72.6601528037018,0,1,4,2.2676308124598896,3,0.37266695268881467,2,4,Overweight_Level_I,26.265626043587122
60,1,1.6570146120183444,153.74378941836994,0,3,2,2.1381339964841795,2,0.7277607872537666,3,0,Obesity_Type_III,55.994439900673974
49,1,1.4867440151055153,93.89468033140858,1,1,1,1.7651776473418401,3,0.2581926997192667,2,1,Obesity_Type_III,42.47844300787957
60,1,1.7883107870896682,55.26486058795018,0,1,3,1.651660039874789,2,0.9130235134435805,1,3,Insufficient_Weight,17.280769856954898
35,0,1.8384919184030273,132.52964334847698,0,2,3,1.475228400389285,1,0.5433892323385185,1,4,Obesity_Type_III,39.20934423771696
47,1,1.8083464607217938,120.03114842984914,0,2,2,2.0709166179186824,1,0.7038101115173216,0,0,Obesity_Type_III,36.7054607809721
60,0,1.523370811464579,78.78366871298867,1,3,1,2.8378055286913764,2,0.18862530292549518,3,3,Obesity_Type_II,33.94884009260439
21,1,1.756785289058864,117.31135922829012,0,1,3,2.3714061027778746,2,0.8562561014202834,2,3,Obesity_Type_III,38.01042229032631
53,0,1.7518267766112945,66.70260650249108,0,1,1,2.488829428071135,0,1.9665152219231397,0,0,Normal_Weight,21.73504203679029
57,1,1.9102577176089324,95.04975927690671,0,2,3,2.6687557273128153,3,0.6576660937623806,2,2,Overweight_Level_I,26.047562898267227
32,1,1.650937658939093,152.32597779308298,0,2,2,1.7032699466756975,1,1.75285854968487,1,0,Obesity_Type_III,55.88723533871719
55,0,1.6468875501395002,55.82531337825443,1,3,2,1.1257515642289753,1,1.6863982832473703,2,1,Normal_Weight,20.58274420271522
54,0,1.7778193411206384,87.72375269842021,1,1,1,2.2451176066432885,0,1.9041168365944212,2,3,Obesity_Type_I,27.755045820517495
50,1,1.785528506354742,142.46394551476374,1,2,4,1.3773445824560653,2,1.580219024534189,2,1,Obesity_Type_III,44.68599077268335
19,1,1.6987211704826688,161.15585332517844,0,3,4,2.1380872999913327,2,1.31919365411763,1,4,Obesity_Type_III,55.84726194609778
39,1,1.6848214620351232,96.19469318914628,1,1,2,2.4790204663141298,0,1.7131688884549152,1,3,Obesity_Type_II,33.88779736712408
47,1,1.7118982654380779,102.88195213806178,0,1,3,2.567276604295673,3,0.15128936131469928,3,2,Obesity_Type_III,35.10615713684817
58,1,1.9063540087367552,111.09366718475499,1,2,4,1.603678240495031,2,0.9256613143976156,1,0,Obesity_Type_II,30.569068069111015
19,0,1.6944184576645722,156.47586584584758,0,3,2,2.02486646513863,2,1.9785124772301177,0,4,Obesity_Type_III,54.50119390603635
50,0,1.948163849744006,147.13405566310576,1,2,3,2.241930192554385,3,1.5392003025894645,2,1,Obesity_Type_III,38.76700458625011
46,1,1.7171219947060528,60.49574170232719,1,3,3,2.638961443401244,3,1.9241507560744462,1,4,Normal_Weight,20.517408410244197
35,0,1.9530763673858724,94.03148504873145,1,1,4,2.5227773302098946,0,1.5592687122669582,0,2,Normal_Weight,24.651017216980865
34,0,1.8914009079906102,97.46405395274971,0,3,2,2.9759506419547406,0,1.7497639348842884,1,0,Overweight_Level_I,27.244402340049042
19,0,1.6420886009863893,138.42611006774334,0,3,3,1.0161693530600218,0,1.413059264606382,2,4,Obesity_Type_III,51.33633286247996
19,1,1.9077299532872065,114.96450320828484,0,3,3,1.874978881726266,2,1.5210040088344796,0,1,Obesity_Type_II,31.588570267760446
17,0,1.508333540626591,121.43177821565563,1,3,1,1.5120889727522557,0,1.0463560196790014,1,4,Obesity_Type_III,53.37496186543546
43,1,1.9402750029317977,164.77318836586784,0,3,1,1.2397867742897468,2,1.8484754016282658,1,0,Obesity_Type_III,43.76832919297675
24,0,1.7847710629939324,48.44496547722164,0,2,4,2.8230306563343692,1,1.6500778212467233,0,4,Insufficient_Weight,15.20840323135299
43,1,1.4788270967168249,67.09923776525036,0,3,1,2.9959241321913725,3,1.6877699313312644,3,1,Obesity_Type_II,30.68193796362664
44,0,1.7914560635349301,90.39488810881491,0,3,2,1.3611924158094473,3,1.3460182019261047,0,0,Obesity_Type_I,28.16641338272456
37,1,1.9663512566967207,82.82058278415978,0,1,4,1.0768667856027272,1,0.609159894174498,0,2,Normal_Weight,21.419833073899557
22,1,1.4869943469457534,41.727340729719934,0,3,4,1.5501088953610007,0,0.07125959078027866,0,2,Normal_Weight,18.87131105630461
16,0,1.7439844861834457,50.563978415368155,1,1,1,2.6697238361327913,2,1.871310258819089,0,3,Insufficient_Weight,16.62478366682328
44,1,1.8463310053724673,124.8001147168506,1,2,3,1.5877801663986335,2,1.1722406976109938,1,4,Obesity_Type_III,36.609673768154934
53,1,1.8794370509507516,149.79488238368265,0,2,2,1.1138029609952431,2,0.5962859422962805,0,1,Obesity_Type_III,42.407376682791465
50,1,1.6693285566200218,103.79260341951317,1,3,2,1.1049843679060598,3,0.2982702156950756,0,4,Obesity_Type_III,37.24626766303922
49,1,1.5582082763591687,106.93807601871775,1,2,2,1.8548456047388728,0,1.6590463310015093,2,0,Obesity_Type_III,44.04345223303155
37,1,1.4724414077493635,71.14177253687981,0,3,4,2.8636514461232396,2,1.6730403888951577,1,3,Obesity_Type_II,32.813203918892995
44,1,1.757254863261529,135.75242181784762,0,2,2,1.5718408832792639,2,1.629015936261063,2,1,Obesity_Type_III,43.96206441781257
19,1,1.6900428672418337,133.72611800827428,1,3,3,1.8543153614020875,2,1.2901653839335725,1,4,Obesity_Type_III,46.818855879837955
15,1,1.9528345294293468,113.13407684142474,0,3,3,1.203867610765217,1,0.7320307751837518,3,1,Obesity_Type_I,29.666242765919517
33,0,1.482120601088902,65.7957001004292,1,1,1,1.9871455865379621,2,0.608140569560514,3,0,Obesity_Type_I,29.95231708107396
41,0,1.813259532026383,51.22429549787327,1,1,2,2.3930941285714082,1,0.01710954023634037,1,3,Insufficient_Weight,15.579591127791678
24,1,1.4632320977236302,47.094060557997864,1,1,4,1.5423007223544392,2,1.6672151173764806,3,1,Normal_Weight,21.995796814890983
17,1,1.5408601136565876,113.6797043970026,0,1,1,1.5934226170573695,2,0.17486539498728493,3,0,Obesity_Type_III,47.8802609963737
28,0,1.690396869959102,142.95445021199282,1,3,3,2.6839500508125425,2,1.2615099960815352,1,2,Obesity_Type_III,50.02882694584256
19,0,1.69108239468552,147.14963440439652,0,2,2,1.0207274446943542,1,1.0081498936801767,0,1,Obesity_Type_III,51.455245059110744
43,0,1.8134212877548312,97.41638136727468,0,3,3,2.272941417100194,2,1.0533787178527023,2,3,Obesity_Type_I,29.62337757127516
51,1,1.932412908479911,137.81818371264632,0,1,1,1.787769269883234,0,1.8534256906155466,1,1,Obesity_Type_III,36.9068230238486
15,0,1.788687044224908,158.30690473896897,0,1,3,1.596761027122938,2,0.06323002254248422,1,1,Obesity_Type_III,49.48016450827619
28,1,1.9553736018612997,73.67143417349656,0,2,2,2.3151876644877545,1,1.5467844492575447,1,0,Normal_Weight,19.268132709238838
24,1,1.9172562891353389,89.1430036439754,1,1,2,2.6693370435794104,1,0.10410479673461426,2,4,Normal_Weight,24.250847539629948
21,0,1.7597848916313188,156.36635306718176,0,3,1,2.1167842326573476,0,0.0763072118707544,1,4,Obesity_Type_III,50.492181842290776
39,1,1.8919097339869784,81.6171018819779,0,3,2,1.062189243886112,3,0.8596353962827639,2,1,Normal_Weight,22.802388780186984
58,1,1.790566133471526,154.14841258054633,0,3,3,1.9228023816511521,0,0.12615034868593344,2,3,Obesity_Type_III,48.07932087975446
57,1,1.4916356503895754,162.6116526440627,0,3,3,1.9255198817879462,0,1.578287902585824,3,3,Obesity_Type_III,73.08464715137502
18,1,1.8424993033275403,122.38815180037751,0,3,4,2.0875969896092155,1,1.0591261872966744,0,0,Obesity_Type_III,36.05161394805191
19,0,1.5003014738716935,141.9281764775252,1,2,4,2.3419178020871048,2,0.058077565319548885,3,1,Obesity_Type_III,63.05384155092
39,0,1.7648638737019475,133.44274109185673,0,3,4,1.038636807068681,2,0.08100137296383902,1,1,Obesity_Type_III,42.84227531493533
17,1,1.8223993091048611,127.141316459556,0,1,3,2.004025248799501,3,1.2253370594789588,1,4,Obesity_Type_III,38.28244081379046
32,1,1.4852596323517533,77.6733151956353,1,1,3,2.1766155387611814,3,1.6122236353168098,2,0,Obesity_Type_III,35.21008606384066
33,0,1.5723211665810617,46.19388657640091,0,1,1,1.686706772832104,3,0.8755990625495471,3,2,Normal_Weight,18.68538203829753
46,1,1.9353062830986745,82.22451829747598,1,1,4,2.3367304531808664,3,1.1091613430712488,2,3,Normal_Weight,21.95340678583246
33,0,1.776646680883435,123.03393413569223,1,2,3,1.4563554342583422,0,1.5996589080998032,3,3,Obesity_Type_III,38.97828919364387
25,1,1.5805315899695818,51.91867897670298,1,1,1,1.6347446661349032,0,1.2210123480836383,3,1,Normal_Weight,20.7834323781164
60,1,1.8160602787084434,40.5016658552585,1,2,3,2.925510694848652,2,0.44952047531763895,3,0,Insufficient_Weight,12.280395880142228
14,0,1.7662915025796955,56.60123894797027,0,1,1,1.6961407417222802,0,1.2261040517389572,3,2,Insufficient_Weight,18.142669047562645
39,0,1.7158351209565126,129.1827267277602,0,2,4,1.69300177473149,2,1.256558918130427,3,3,Obesity_Type_III,43.87865846693188
27,0,1.9673790967436844,161.57200640871196,1,2,4,2.1913612716462305,2,1.4682139617622534,0,0,Obesity_Type_III,41.74361080426721
51,0,1.8122305020259797,162.86615215146736,1,2,4,2.9419506597201206,2,1.2417483751136025,1,2,Obesity_Type_III,49.59112541925182
50,1,1.6489837881239937,101.24137279166368,0,1,3,2.966160891906001,2,1.938484260916076,3,1,Obesity_Type_III,37.232761938998955
24,0,1.87403891900074,148.53838992503577,1,2,3,2.1593159273526323,1,0.39457661743413697,3,4,Obesity_Type_III,42.29426678599217
49,1,1.9188291452482296,131.8401334246895,1,3,1,1.002174039609865,2,1.9021813591341525,2,3,Obesity_Type_III,35.80758414154772
26,0,1.5163668965439205,102.13106986006002,1,3,2,2.8013131015367994,0,1.0766789807000325,1,3,Obesity_Type_III,44.41700709385006
56,0,1.5562930782579911,111.16782715234093,0,1,2,2.1404759291540962,0,1.343912280989824,1,2,Obesity_Type_III,45.89827306361546
16,1,1.5646003148377232,56.29062047372575,1,3,4,1.7319928165798717,0,0.1989231949043797,1,4,Normal_Weight,22.99477736900272
46,0,1.8163422589748663,157.14534403769062,0,3,2,2.6583902820318768,0,0.761151882756214,3,0,Obesity_Type_III,47.632803510397196
19,0,1.76961096417824,83.34315111220388,0,3,4,1.7996649187004101,1,1.5387582929263453,2,1,Overweight_Level_I,26.614255126323396
23,0,1.7780655292902516,95.21480631360336,0,1,1,1.0680890124005293,3,1.4138220301979807,1,0,Obesity_Type_II,30.116809593940832
18,0,1.9486098488354355,123.62918910573524,1,1,2,2.6421444461140373,3,0.08027877633082037,2,2,Obesity_Type_II,32.55901322560891
36,1,1.8612331123878723,81.07171141234579,1,3,2,2.0917188020395248,2,1.0931885269944892,0,3,Normal_Weight,23.402798884472404
23,1,1.517806569991245,71.03665428460525,0,1,4,1.6762870764483924,2,0.17655638593681888,0,3,Obesity_Type_II,30.835403931903343
57,0,1.6341787536853458,118.5122235520478,0,2,1,1.5017847527077024,0,1.9917128583563246,2,0,Obesity_Type_III,44.377622024404175
15,0,1.6807586324731398,42.14799436751303,0,3,2,2.187594918830851,0,1.7945931770665893,3,1,Insufficient_Weight,14.919910307945756
26,0,1.6598596420362306,129.81136411536153,1,1,2,1.4160990964502003,3,0.042161320857073914,1,2,Obesity_Type_III,47.11617026339907
53,1,1.804733562855796,103.76694460444023,1,1,2,1.6477017731140065,3,1.7172991578052617,0,1,Obesity_Type_II,31.859051293918885
15,1,1.9227033447259783,115.32497004563774,0,3,1,2.273060618827967,0,1.8388592011168152,0,2,Obesity_Type_II,31.19599103585272
33,1,1.6122072756670776,118.61690006510753,0,1,1,2.763088900811864,2,0.7070964451269102,2,1,Obesity_Type_III,45.635710510513405
14,1,1.7424948823032285,105.40831971806303,1,3,2,2.0657806567831978,1,1.4390033100955317,3,0,Obesity_Type_II,34.71617492015109
50,0,1.8683869936142004,112.39925595753273,0,1,4,2.518212796598185,1,0.8842074924155578,2,4,Obesity_Type_II,32.19806446898773
22,0,1.6705955711880351,125.1573133121242,1,2,4,2.5261212075260837,3,1.3104649691526882,2,2,Obesity_Type_III,44.844953736262916
30,0,1.5391026080516268,133.89297474463893,1,3,2,2.3287079053187734,3,0.6806348085963829,2,0,Obesity_Type_III,56.52266656381121
22,1,1.7017240115897865,130.6590013020512,0,2,1,1.4916766753610353,3,0.6451184732665367,2,3,Obesity_Type_III,45.11916778764819
24,0,1.479267935993805,148.57167367426496,0,3,2,2.733577196300484,1,0.8488677777151581,2,3,Obesity_Type_III,67.89570906770975
28,1,1.9494632306212067,62.86987257909274,1,1,1,1.872551311279133,1,0.2911355173050023,3,1,Insufficient_Weight,16.542931964772063
37,1,1.4896552387533357,89.5446441559665,1,2,2,1.0884214878714011,0,1.6622779288707652,2,3,Obesity_Type_III,40.35228000032002
51,0,1.6823820590828065,158.4223043178216,1,1,1,1.4892253401390503,2,0.6973957907232733,3,4,Obesity_Type_III,55.971515896282334
48,0,1.730837068376919,88.97041237267754,1,3,3,2.5310967081986315,3,0.8002991078116903,1,2,Obesity_Type_I,29.698412022497436
43,0,1.9722110311122614,54.73362969014626,1,3,4,1.1382666716349787,0,1.7881092254042892,1,1,Insufficient_Weight,14.071729637984683
44,1,1.5379915665307162,105.20608592163462,0,3,3,1.2947288043098224,1,0.9932476281263427,1,2,Obesity_Type_III,44.476740817047094
18,1,1.51064870486455,52.795862541862235,1,3,4,2.388453632083409,0,1.0885078187017259,1,2,Normal_Weight,23.13518219918066
57,0,1.454614257943148,64.55950807971101,1,3,1,2.785201579455081,1,1.912996249554197,0,0,Obesity_Type_II,30.511568385616844
27,0,1.5324528615407302,164.78816332794054,1,2,3,2.2674640101152734,2,1.7734527662899784,3,3,Obesity_Type_III,70.17004651120054
24,1,1.5598546789058638,107.21169243791263,0,3,4,1.4445821076591092,1,0.338933417776879,1,2,Obesity_Type_III,44.06298066351536
22,0,1.7842078990390389,74.79135701909405,0,1,2,1.1068275264990972,0,0.9464300598362101,0,4,Normal_Weight,23.49419113907419
47,1,1.5664445989074423,164.34164427631217,1,2,1,2.230253165100623,2,1.942592454857091,3,4,Obesity_Type_III,66.97574430460634
25,1,1.4608760318065424,160.78642373794804,1,1,1,1.094797155862328,1,0.7447325964572054,0,3,Obesity_Type_III,75.33948515059956
48,0,1.888107723116319,94.5331191766172,0,3,2,2.2254441038835138,3,0.7431462170324001,0,3,Overweight_Level_I,26.51737013134732
48,0,1.6437657215321024,71.81079170727645,0,1,2,1.4511598883221901,1,0.3900604635783087,2,1,Overweight_Level_I,26.577239840831243
14,0,1.6374592438877889,144.63835439961593,0,2,4,2.8093121248176596,2,0.22864622823825043,0,1,Obesity_Type_III,53.943916384406386
53,0,1.6103138854590011,129.16821033844502,0,2,1,1.9501853369747237,0,1.4806095815119635,0,1,Obesity_Type_III,49.81206736525301
35,1,1.966947836887603,125.5546208104423,1,2,4,1.4478768666193913,2,1.540060937403033,3,3,Obesity_Type_II,32.45241457921644
42,1,1.5401611711739192,151.53233140663156,0,1,2,2.706290633117183,0,1.9380259270059998,0,2,Obesity_Type_III,63.88118513492911
21,1,1.9260661738952147,125.8665588677869,1,2,1,1.5080707968950167,1,1.546836421810726,2,0,Obesity_Type_II,33.928757111907046
24,0,1.8617057660341405,74.7585408232352,1,1,2,1.613198153049751,1,0.4867049880671974,1,1,Normal_Weight,21.569432972931654
54,1,1.490534376414636,126.42675839634227,0,3,4,2.668555798110911,2,0.0802331565770309,1,0,Obesity_Type_III,56.90560033091532
50,0,1.9729664237954498,77.53250242174167,0,3,4,1.617584059601192,3,1.9708747687393204,3,4,Normal_Weight,19.917939666757366
27,0,1.5938239606756754,134.66411143678138,0,1,4,1.8203275384612747,1,0.6809013910872115,3,3,Obesity_Type_III,53.01163106546971
43,0,1.5022489513218784,117.08822966593732,0,2,1,1.6953313415177331,3,0.6239430848648415,0,4,Obesity_Type_III,51.883518545581445
48,0,1.8895365440866525,48.75385555007857,1,1,2,1.2328006356607517,3,1.811910419498765,3,1,Insufficient_Weight,13.655209730565836
34,0,1.824538032849181,103.6172556668279,1,1,2,1.0777916244936523,2,1.1701997970899722,0,2,Obesity_Type_II,31.126210071712194
50,0,1.7771259671152873,82.25592211866336,1,1,4,2.449081348121963,1,0.42974234769826913,3,1,Overweight_Level_II,26.045383097356726
18,1,1.5326698577604345,80.39989972426908,0,3,4,2.2902742478714413,3,1.778192485432479,1,0,Obesity_Type_II,34.22616772048052
32,0,1.7036029416156597,114.88429409953442,1,1,4,1.5647321351041144,1,1.9867217101094867,1,1,Obesity_Type_III,39.58438459404797
27,1,1.8636946942502233,79.61292788314753,0,3,4,1.591198249969757,0,0.17335712230166145,1,2,Normal_Weight,22.921026242802665
39,1,1.6109206872162354,136.88861227381398,1,1,3,2.8900115660173626,3,1.7245032566049745,1,2,Obesity_Type_III,52.749579676257724
17,0,1.615195609112972,47.91972093740798,0,3,3,2.9753422544669843,2,0.781031395368788,0,3,Insufficient_Weight,18.368091308938556
38,0,1.4516646802055047,122.208919801874,1,1,3,1.946869806467387,2,1.0481448930134087,0,3,Obesity_Type_III,57.99229350252047
58,0,1.5423490028720512,140.9585452607494,1,1,4,2.6049034909629873,3,1.8296319515299615,0,2,Obesity_Type_III,59.25514906165197
55,1,1.9139649813145723,123.77679292997419,0,2,4,2.473371751738731,1,1.9467583915502344,1,2,Obesity_Type_II,33.78868195329624
38,0,1.6841256405679847,101.65087857251946,1,2,2,1.594635419024094,0,0.5243278208175988,2,0,Obesity_Type_III,35.83951803205926
31,1,1.97164428459425,158.73868373075885,1,1,1,1.1171254210409567,0,0.42570154191982756,1,1,Obesity_Type_III,40.83434995887968
53,0,1.65972522069411,76.79224971455602,0,1,2,1.28511251426988,2,0.1610331171830237,1,3,Obesity_Type_I,27.87693381650691
21,0,1.8290488210335278,41.4151538281472,0,1,3,2.676588234001527,2,1.123595705324276,2,0,Insufficient_Weight,12.379659028529295
52,1,1.5994170927395064,93.43066080439354,0,1,2,2.462427639992562,1,0.027208790901336544,2,1,Obesity_Type_III,36.522958901534984
53,1,1.6428191098046947,43.159503923441235,0,2,4,2.3286696889245557,2,0.8237965952198731,3,3,Insufficient_Weight,15.991785360736229
27,0,1.551084773423174,159.1960308183275,0,3,3,1.2612976633932966,1,0.1467680333040171,1,0,Obesity_Type_III,66.17000483647641
45,1,1.6339430553046794,65.4496737642545,1,1,3,2.2798613749010492,3,0.810451565858668,2,4,Normal_Weight,24.515099061032736
51,1,1.7400358858229408,138.40480501755883,0,2,1,2.5443046629862307,0,0.07986437853121853,3,4,Obesity_Type_III,45.71247729645773
46,1,1.9756396269190022,136.59608247997,1,1,1,2.7212034997205814,3,1.6704345212175378,2,3,Obesity_Type_II,34.9963528806697
36,1,1.8020269079280464,66.43384136004963,1,1,3,1.0264625583872364,2,0.41947798787713175,2,0,Normal_Weight,20.458171827219154
28,1,1.5556003558364064,117.27454284050108,0,3,3,2.368950203756955,0,0.656617420715824,3,1,Obesity_Type_III,48.462708337652685
46,0,1.473829564043522,45.057950029292726,1,1,2,1.0381953112064088,0,1.7400959932127837,1,1,Normal_Weight,20.743254758423948
38,0,1.5169689350966906,99.9303977986873,1,1,3,2.413745691086877,3,1.4925321226644102,3,0,Obesity_Type_III,43.425441413242424
30,1,1.748154256674715,40.84553803633333,0,3,4,2.2712427294640096,1,0.43807672328411695,1,4,Insufficient_Weight,13.365497134078344
46,0,1.8555349742728862,155.06412890278608,1,3,2,1.296695725837945,0,0.1437988373149921,2,0,Obesity_Type_III,45.03737342253392
60,0,1.948422179869396,161.98683904914603,0,3,4,2.5322435026902603,1,1.431347553710679,3,4,Obesity_Type_III,42.66911167357611
15,1,1.458386281158315,67.00762859646174,0,3,4,1.1366952363793823,3,0.7814051013762187,0,4,Obesity_Type_II,31.504972717922268
27,0,1.727062875027791,65.22136035914298,0,2,4,2.652797547489267,3,1.5321599982364424,2,1,Normal_Weight,21.86621205690274
53,1,1.6995596987982837,133.96874224682836,1,2,3,1.523858489696458,1,0.8905895447504208,3,3,Obesity_Type_III,46.37998796347654
53,1,1.797709161647123,70.92580425249614,1,2,1,2.37770372460133,3,0.6920048259445528,2,2,Normal_Weight,21.946506888093896
52,0,1.7465767928666311,151.7796464543925,1,1,1,2.8473786820437406,0,0.902410816424793,3,0,Obesity_Type_III,49.755164481639305
19,1,1.8141307498087147,111.31507115149576,1,3,4,1.6796540493468979,3,1.4971179713413534,1,4,Obesity_Type_II,33.82336394744155
19,1,1.7987837699170708,83.19798049929932,0,3,3,2.0057881558808384,3,1.8044405730807482,0,0,Overweight_Level_I,25.713125166331906
16,1,1.5120162141747115,143.91941204002694,1,2,2,1.9262360679009007,0,0.09953439317715107,2,3,Obesity_Type_III,62.95155747137633
20,1,1.8738504942179213,101.1692442520878,0,1,4,1.3152226981257362,1,1.0482230824539103,0,3,Obesity_Type_I,28.812346603182068
21,1,1.5153132651296521,153.86574712726792,1,1,2,2.180624020981523,3,0.0656708581677552,1,2,Obesity_Type_III,67.00961146474437
55,0,1.8202212313608426,155.92979382790202,1,1,2,2.486003837041896,1,0.9368190900487174,3,2,Obesity_Type_III,47.0631241488085
28,0,1.6705570448495215,59.842939168179576,1,2,3,2.8337496578476387,0,1.7705656581938007,0,4,Normal_Weight,21.443234514539473
60,1,1.722340889325597,39.29274917262322,1,1,3,2.7016052032990254,1,0.7231805328406193,3,2,Insufficient_Weight,13.245677953608613
42,1,1.9287479476191267,162.9752984579427,1,1,1,2.0200387594560634,1,1.8649008421612865,1,4,Obesity_Type_III,43.809755676819684
46,0,1.9216383750309478,153.1733295520624,0,1,1,2.4380343090238696,2,1.2612169433012188,2,1,Obesity_Type_III,41.480103065863304
43,1,1.8834638419971657,45.986099698684015,1,3,3,2.601566826747786,2,1.8683106875860127,1,4,Insufficient_Weight,12.963193452078674
52,0,1.7203786416418514,143.9623172565748,1,2,4,1.9869774274766976,3,1.5143332508250393,0,2,Obesity_Type_III,48.640803917827654
40,1,1.8402070993709314,96.68342150246004,1,3,1,1.2308551214085355,2,0.20687033329752458,0,0,Obesity_Type_I,28.550821409376866
49,1,1.7218354394249689,71.62916223314687,1,3,2,1.8758615276947417,2,0.46230273512535414,0,2,Normal_Weight,24.16053723073333
42,1,1.910891223711632,149.72206198329314,0,2,4,2.6849560764031297,2,0.7883409091670124,3,3,Obesity_Type_III,41.002833341142264
51,1,1.6634711916134368,63.780071281178714,1,3,2,2.19328281078747,1,0.34021376402415204,2,2,Normal_Weight,23.049124415542707
46,1,1.9642247325398847,158.35979992692842,0,1,3,2.4489167540186783,1,0.989823209553321,0,1,Obesity_Type_III,41.04522059220151
50,1,1.944131061861305,64.90830745011698,1,1,2,1.370536044305175,2,0.9427363114029812,0,4,Insufficient_Weight,17.17312006601789
40,1,1.8430493883094463,116.32408165382168,0,1,4,2.9286755364220114,0,1.9125183960547625,0,3,Obesity_Type_II,34.24488295670377
46,0,1.5980904186133182,67.10887815065084,0,1,3,1.8081610589866188,2,0.8674557657919555,1,4,Overweight_Level_I,26.277090902734184
17,0,1.519776402060427,107.75425178604797,0,2,4,2.307271045435458,0,1.5712536085759956,0,4,Obesity_Type_III,46.652510788471
35,0,1.9029928285493947,125.18086636930781,0,3,2,1.0377445091812105,1,1.8838210897029597,1,2,Obesity_Type_II,34.56715600535234
15,1,1.5376102116531194,62.968719283337336,0,3,4,1.2546385245105827,0,1.753977661947971,0,0,Overweight_Level_I,26.633751976876233
23,1,1.902758218168588,104.63160862028558,1,1,3,2.564068539769838,1,0.41733524902318364,1,3,Obesity_Type_I,28.8998567145234
18,1,1.710105453557551,98.10152779315499,0,1,2,2.935938891040509,0,0.9920597885070885,3,1,Obesity_Type_II,33.545169219827315
23,1,1.6654750954182953,47.950715096821,1,3,2,1.6401107101109564,1,0.6954795645918515,3,1,Insufficient_Weight,17.28696698213402
46,1,1.9286911127822475,142.10678502708816,0,2,1,1.0743614698825297,1,0.799717390274431,1,0,Obesity_Type_III,38.20229515243414
51,1,1.7700410207463473,81.29598248099805,0,3,1,1.721733203960275,2,0.7216136524915024,2,0,Overweight_Level_I,25.94791230223612
26,1,1.7556054237787504,111.39735689153683,1,1,4,1.0349362605580052,3,1.6527184203500083,2,2,Obesity_Type_III,36.14273876671188
44,0,1.7461459506509307,103.86281360157494,0,1,1,1.3847461845249383,3,0.9042781102448949,1,1,Obesity_Type_II,34.064263298816975
60,1,1.6467198434903516,103.67082357587573,0,2,1,2.5049440301074766,1,1.0473886644893764,3,3,Obesity_Type_III,38.23112789895978
49,0,1.8663908448704374,52.51002167026942,0,3,1,2.8741767962129923,2,1.9648947140941493,1,0,Insufficient_Weight,15.074294879863409
58,0,1.5839831753283597,92.35873316541593,0,2,1,1.1748981687377733,3,0.11995854438303288,2,0,Obesity_Type_III,36.81093415148618
37,1,1.9476143288218757,95.99821166002785,1,2,3,2.1158015576210185,3,0.9759152795814976,1,0,Overweight_Level_I,25.307964734138952
28,1,1.923812158674889,131.43899788592051,0,1,3,1.507761692248064,2,1.5481234138922322,3,3,Obesity_Type_III,35.513944276563265
42,0,1.628864572607696,144.842372822008,0,3,1,1.278118251587859,2,0.30232391637645306,2,1,Obesity_Type_III,54.59158147306779
21,0,1.8366157980107818,107.66776704060227,1,1,4,1.437960459783115,3,1.2230631892295478,2,3,Obesity_Type_II,31.91898515968031
18,1,1.7538082930582835,49.9346522121888,1,3,3,2.155526134995415,3,0.47892955906893353,0,3,Insufficient_Weight,16.234457879484523
42,1,1.6289541300595942,68.84303329516483,0,1,1,1.130269002887922,0,1.7348082264491351,0,2,Overweight_Level_I,25.944319699004815
60,0,1.9739164734375867,59.781687383444115,0,1,3,1.868437192336835,0,0.6541993308001586,2,0,Insufficient_Weight,15.343012052340283
17,1,1.46337579329958,54.701497961829716,1,3,2,1.2704557019103278,1,0.6581256338018191,2,1,Overweight_Level_II,25.54391649277784
25,1,1.583902396229282,85.10331162584376,0,3,3,1.545354104788963,3,1.196387757035787,1,2,Obesity_Type_II,33.92263882483273
58,1,1.7256392523889097,67.90358127145214,1,1,3,1.3815086594865278,2,0.36712581623981744,3,2,Normal_Weight,22.803035216566656
15,0,1.7266350918436388,66.50619208825054,0,3,4,2.7659509996617944,2,0.5697772778061221,2,4,Normal_Weight,22.308016445254136
40,0,1.762134529721149,45.89133999660972,1,1,3,2.416022661742579,3,0.833263700238823,3,0,Insufficient_Weight,14.77925750529764
44,0,1.8483883711721472,41.22642564422467,1,3,4,2.736925157894941,1,0.7072757262802207,2,1,Insufficient_Weight,12.066719788047392
49,1,1.7804432501752272,51.94879857387251,1,1,2,1.766925669095385,2,1.0497544360111648,3,1,Insufficient_Weight,16.387746487694795
49,1,1.7681491740798596,60.696882407377764,0,1,1,1.6268267297073402,3,1.1992802881379325,0,1,Normal_Weight,19.4146059304097
39,0,1.4783626653439128,93.30394983487359,0,1,4,1.761174389795534,3,1.1333349075003292,2,0,Obesity_Type_III,42.69116991982976
56,0,1.6495610525283282,103.32555292365443,0,2,3,1.037096391448815,1,1.3083366239838645,1,1,Obesity_Type_III,37.97265381397467
40,0,1.5729895420416127,56.71458168984407,0,3,3,2.4494085502971163,3,0.6154990332156405,3,3,Normal_Weight,22.92150147439197
18,1,1.5906461591490468,92.52270103204748,1,1,4,1.6995449137901566,2,0.2528524543100561,2,3,Obesity_Type_III,36.567994287398534
33,0,1.7437988614003828,82.06035413306684,1,2,2,1.6266476071535834,0,1.5216150828621542,0,0,Overweight_Level_II,26.986129948559462
24,0,1.5557378169126925,62.11137908074246,1,1,1,2.196282130741066,1,1.701560765261364,0,1,Overweight_Level_II,25.6624640972153
23,1,1.6057930235389557,39.86193426669381,0,2,3,1.8724998234196328,3,0.5140124644448645,0,4,Insufficient_Weight,15.458923040088965
53,1,1.5756548955141902,97.84425118173945,0,1,2,2.9616867364477972,1,0.8141839123160395,0,4,Obesity_Type_III,39.4106055201344
51,1,1.9527065599056432,125.39212040741512,0,1,1,1.7125060857976027,3,0.9971384339271105,2,4,Obesity_Type_II,32.884881103904945
19,0,1.9506728380506804,67.51094410211968,1,2,1,2.227791684415827,0,1.0666536855058728,1,3,Insufficient_Weight,17.742111651696767
21,1,1.7732690260559074,55.6076605669816,0,2,3,1.6233022012193035,1,1.3189803421753037,3,4,Insufficient_Weight,17.68419796875296
36,1,1.939996908427907,150.7673858003172,0,3,4,2.9811899604213137,3,0.08320646671064269,1,1,Obesity_Type_III,40.059481965518955
60,0,1.8664807020982377,73.65312133346252,1,3,3,1.8902220694402563,0,1.442954165468034,3,1,Normal_Weight,21.141906527755783
39,1,1.7626723778849587,67.17519009387576,1,2,3,2.268257621733606,2,0.12394201395882054,1,4,Normal_Weight,21.620498652950552
59,0,1.4534106620933016,146.99421439084938,0,3,3,1.2534433419053541,3,0.9365771353457357,2,2,Obesity_Type_III,69.58627000516857
56,0,1.859433631622084,141.95549449501192,1,2,2,2.466048429727316,0,1.6553422711383883,2,4,Obesity_Type_III,41.05734323211413
25,1,1.8223188210418884,95.49165528610384,0,3,4,1.538420115751244,0,0.9024306265567925,3,2,Obesity_Type_I,28.755220379957663
39,1,1.7760844362396795,100.64409653989958,1,1,2,1.8972265056593438,1,0.29817949753649553,2,0,Obesity_Type_II,31.905171871291554
26,1,1.85302488519171,66.43633680908677,1,3,3,2.7662661246549156,3,1.9700676900119194,3,0,Normal_Weight,19.34831613265445
53,1,1.7218487473306259,48.866010480424244,1,1,4,2.9411050297702026,2,1.7785709241485266,1,1,Insufficient_Weight,16.48226475069509
31,1,1.8231641338003097,111.25240999481329,0,1,1,1.849144203680714,3,1.542627266450028,2,3,Obesity_Type_II,33.47016785853273
38,1,1.9456412059650414,51.39146012036686,0,3,4,2.669605335909,0,0.8230232057984208,2,1,Insufficient_Weight,13.575800461024134
46,0,1.6491766583984258,95.60859291653787,0,2,3,1.1066979890997215,2,0.3676914537785956,3,1,Obesity_Type_III,35.153014062434046
60,0,1.8253045724973314,157.50264701263936,1,1,4,2.695148059580525,0,1.8828223628370024,3,3,Obesity_Type_III,47.27343643880066
53,1,1.702114543545808,159.05713303549362,1,1,1,2.2590206443052994,1,1.064702253034278,3,1,Obesity_Type_III,54.90040965955445
56,0,1.8074318154614102,69.15586810496718,1,3,1,1.977412336783204,3,1.7047109207749702,3,3,Normal_Weight,21.16923635776883
25,1,1.854333467843813,117.63829092575246,1,2,4,2.7799274102744955,0,0.6841900115188515,0,1,Obesity_Type_II,34.21157221349806
57,0,1.4740898252309718,98.73360927759006,0,2,1,2.690674445012828,0,0.6705766341589412,3,0,Obesity_Type_III,45.4377812288942
49,0,1.7926982352927907,149.33632607584934,0,3,2,1.593890191907144,3,1.9710809613480782,0,2,Obesity_Type_III,46.46768972468459
17,0,1.5701728277356806,73.2002888987827,0,2,4,2.5829767646895148,2,1.0436660969896996,1,1,Obesity_Type_I,29.690525207814215
18,1,1.8051172450380104,39.46650326088452,1,3,1,1.1989818673247452,0,0.2813908477214926,3,2,Insufficient_Weight,12.11205457653862
50,0,1.698214998544921,59.482711947358304,1,3,1,2.6455278709347403,3,0.4393493559894148,0,4,Normal_Weight,20.625544207426138
21,1,1.8599829531883902,83.03987294734415,0,3,4,2.350911236046501,1,0.9638885587854416,0,1,Normal_Weight,24.003178136561534
55,0,1.515402432058966,78.78086235108157,1,1,2,1.1757326618638855,1,0.08494182097682268,0,0,Obesity_Type_II,34.30558033713125
41,0,1.7819508463777833,138.71172780948362,0,1,4,2.366160346948271,3,0.925067970756601,2,3,Obesity_Type_III,43.68393386691043
44,0,1.5975894863316027,124.75064393349356,1,1,1,2.16103855335274,0,0.8378816841602552,0,0,Obesity_Type_III,48.87788535905782
22,0,1.9020804575252135,76.74409627147705,1,3,4,2.1891002022900894,3,1.558672530638974,3,2,Normal_Weight,21.212273067154875
42,0,1.9420432579872429,96.67572096294288,0,1,1,1.581727870259397,3,0.7098839289784835,3,3,Overweight_Level_I,25.63301081776301
27,1,1.9780910956498994,51.040447098750235,0,1,3,1.5329944000256905,0,1.9650975230791987,3,0,Insufficient_Weight,13.044333509544929
53,1,1.8718839232864601,152.1664520473327,1,1,4,2.52507022410804,2,0.3615398386018063,0,0,Obesity_Type_III,43.42712571155231
54,0,1.8494790573268425,156.8635278805153,0,3,4,1.5136269620344782,2,1.1819733699362698,0,0,Obesity_Type_III,45.85884815479385
35,0,1.564215402199802,162.45524545799822,0,3,1,1.8925245036197973,1,0.17939859401650926,2,3,Obesity_Type_III,66.39580226660044
24,0,1.6280837412647575,148.43765667901556,1,3,1,2.3895779971975695,2,1.467727967987964,1,0,Obesity_Type_III,56.00033321518763
36,0,1.696811747134008,60.91907184972442,1,1,1,1.1592325026548755,3,1.989507376123943,2,0,Normal_Weight,21.158552507698932
14,1,1.8598919553245923,44.82075688340523,1,2,1,2.189096765223314,0,1.6382772755032644,3,2,Insufficient_Weight,12.956978980627289
59,0,1.9349319084913232,112.02918765399693,0,1,4,2.1787527452962347,1,1.1114070814406025,3,0,Obesity_Type_I,29.922633536249116
50,1,1.5502437230121817,153.98823338727192,1,1,1,2.368457421776051,2,0.9694827147993841,3,0,Obesity_Type_III,64.0748463625516
34,0,1.9388547668751546,61.3462715691276,1,3,4,1.7398561906113172,3,1.6700599225336938,2,4,Insufficient_Weight,16.31915304388934
39,1,1.8186810657476506,39.88740724264188,1,3,2,1.8979595481276794,1,1.8719481694214486,3,3,Insufficient_Weight,12.059317138456407
59,0,1.7737084872630704,140.49250180006277,1,1,4,1.6599386278893873,0,1.978413051596186,3,4,Obesity_Type_III,44.65690884933474
49,0,1.5559158737794279,48.67625622012849,1,1,1,2.616336494377552,2,0.7930784551289682,3,2,Normal_Weight,20.106892003674258
36,1,1.4794282673888497,91.12696002066383,0,2,1,1.261221520072265,3,1.9818349495890246,0,4,Obesity_Type_III,41.63504683557425
14,0,1.751286396209208,124.53980448578692,1,2,2,2.92590790715066,0,0.311852504347663,1,1,Obesity_Type_III,40.60633856320295
53,0,1.795303312164313,68.8364957674787,1,3,4,2.269672311958435,3,0.5070995518638184,0,3,Normal_Weight,21.357139752933776
28,0,1.5617141681579847,49.57928299428757,0,2,2,2.7738134487843515,3,0.1780322494677924,0,0,Normal_Weight,20.328116508634597
34,1,1.744921789087492,136.0226747854344,1,2,4,1.8524629165295285,3,0.5434770329689633,1,4,Obesity_Type_III,44.67446693532621
60,0,1.903941503464164,118.40206069576722,1,3,1,1.6645581407839933,0,1.5358751032360223,1,4,Obesity_Type_II,32.662698266005854
22,0,1.8925849510911605,163.5498010453374,0,2,4,2.801451620247967,1,1.7058487163568994,2,0,Obesity_Type_III,45.660352002489226
22,1,1.9414982457107375,82.38281219831487,1,1,1,1.1977460577526056,3,1.5577852902051434,1,0,Normal_Weight,21.85559367260591
23,1,1.6439194790651466,46.782060672565166,0,2,1,1.2342144630105556,1,1.2621315563353925,2,2,Insufficient_Weight,17.31084488295061
39,1,1.6185662734519868,131.52810445224725,1,3,3,1.5986935529693547,1,1.0279330250452912,2,4,Obesity_Type_III,50.20622730256422
54,0,1.8471957831698287,104.73841077550895,0,1,3,2.9195499635326367,2,1.417408578427293,0,4,Obesity_Type_II,30.695882443241043
48,0,1.6784895747014126,65.86369535503101,0,2,4,2.266137219730214,2,0.7816670985344436,3,1,Normal_Weight,23.378077679602228
38,0,1.4964007919347238,137.49785261459968,1,1,1,2.1083873932307964,1,1.6826167029994037,0,1,Obesity_Type_III,61.404479848877735
39,1,1.5998845992553647,64.6731912170929,0,1,2,2.410712672710841,2,1.3543801879535708,0,4,Overweight_Level_I,25.266609919736855
24,0,1.6718486113316893,71.84336850895001,0,2,1,1.8349491121563324,2,1.395609396988817,1,1,Overweight_Level_I,25.703531058521083
51,0,1.6050337055024135,50.65859785020661,1,2,2,2.516147002841598,1,1.0718719862581425,1,4,Normal_Weight,19.6645879696055
15,1,1.6260689526020804,89.32846715788766,1,3,4,1.7864613959457551,0,1.7704579684223452,2,3,Obesity_Type_II,33.784069852295154
20,1,1.6057012302724272,91.78508221611479,0,3,4,2.652726369712929,2,0.5040294673581049,2,2,Obesity_Type_III,35.59939530151111
31,1,1.471994558607032,103.8347855838856,1,1,2,1.534590164153009,2,0.7622953067221014,2,1,Obesity_Type_III,47.92150637034618
40,1,1.7876601914369545,128.32949765759597,0,3,2,1.5550933185960485,0,1.5552851393553782,1,4,Obesity_Type_III,40.1565649846763
47,1,1.7665649827873386,153.16871701373367,0,1,1,2.04476661085347,0,0.9854977922586754,2,1,Obesity_Type_III,49.080710336695944
40,0,1.7962932541937007,56.35449645986389,1,1,4,1.8615223167234702,0,1.7784280268483816,2,2,Insufficient_Weight,17.465221413200076
30,1,1.5519242448978225,45.84786039193079,1,3,1,2.2962316885693905,1,0.6927986395257046,1,3,Normal_Weight,19.03610261156969
56,0,1.606696907054617,41.33493543288599,0,3,2,1.728581509347158,0,0.7386603376392895,3,0,Insufficient_Weight,16.01213888000354
57,0,1.7783964412808086,57.09629363667085,1,3,3,1.4611012981407336,1,1.7774715787732507,0,0,Insufficient_Weight,18.053057108707616
37,1,1.7678026112837584,121.90163520848486,1,2,3,1.9396171257658021,3,0.9287406403640821,1,1,Obesity_Type_III,39.006949602024356
38,1,1.7183550639577618,130.6621118275586,0,1,3,2.1219129989942926,3,1.0322491684049735,2,4,Obesity_Type_III,44.25107840689104
20,1,1.6357190225054046,138.0997199045434,0,1,2,1.2852001076593809,0,0.6655274306713588,0,2,Obesity_Type_III,51.614935517264925
19,0,1.9338534325305856,69.70723469994718,0,1,1,2.1134372514663307,0,0.5533398843581638,1,3,Normal_Weight,18.63934913541346
37,1,1.6300782284183872,77.5427464709515,0,3,4,1.6385134104957937,3,1.311897421676784,0,3,Obesity_Type_I,29.182620348902574
46,1,1.6914781529117433,99.87496534125293,0,3,2,1.7849037697370158,1,0.23968132308240775,0,3,Obesity_Type_II,34.90791067293281
42,1,1.8094003304057307,46.96107020438854,0,3,3,1.5586362581265625,1,1.7585452823658185,3,0,Insufficient_Weight,14.343946442898995
56,1,1.737801358359385,116.00383192461702,1,3,1,2.8628206555861198,0,1.5584062735302158,2,2,Obesity_Type_III,38.412455548408936
35,1,1.6338495674731244,162.95061424314548,0,3,4,2.366672562560428,0,0.38149652741160556,1,0,Obesity_Type_III,61.042437458877096
39,0,1.6808917389419502,84.46159523362832,1,2,4,1.5249206228013668,0,1.3880398916491308,2,1,Obesity_Type_I,29.89370842270067
41,0,1.8710748334623581,133.8587818615144,1,3,2,2.2900626691039,3,1.2052658425712697,3,3,Obesity_Type_III,38.23530454473878
34,0,1.5974084524079046,102.0042733617706,0,1,2,2.6971448191640923,2,0.3690701014732882,3,2,Obesity_Type_III,39.97481018752599
20,1,1.525395277081712,55.10429238940823,1,3,4,1.8032604166655373,0,0.5464070121004649,1,3,Normal_Weight,23.682123144366457
30,1,1.6159764969697819,112.36191854912587,0,1,4,2.6599150183123648,1,0.8179730074676688,1,0,Obesity_Type_III,43.02779253935597
33,1,1.9002531342085875,76.78415782395219,1,3,3,1.3088298886799847,2,1.3984854704909477,3,0,Normal_Weight,21.264183443454076
54,0,1.4971645488738636,43.33480426513574,0,3,4,2.645562729732336,1,1.277446817634012,1,0,Normal_Weight,19.33293404505255
33,1,1.9755989188873995,119.00114599483571,0,1,2,2.080588485344733,2,1.0644696953533959,0,3,Obesity_Type_II,30.48973038941577
35,1,1.7367315364316611,147.22547601491567,0,1,1,1.4459489760199642,3,1.5368210862280685,0,2,Obesity_Type_III,48.81098662171827
41,1,1.97196824430256,82.44099062938415,0,1,3,1.8142827691118228,2,1.515875479212332,3,2,Normal_Weight,21.200366447886967
53,0,1.947668103705568,88.17723894880908,1,1,3,2.9759859848932333,1,1.2357183081245118,2,1,Normal_Weight,23.244841639374616
20,1,1.689991268531786,151.26873205386863,1,2,4,2.567112033284852,2,1.5739801667696505,1,3,Obesity_Type_III,52.963935135565016
14,0,1.555200269540835,141.51471048428687,1,1,1,2.1501727227702307,3,0.6685267495584184,1,1,Obesity_Type_III,58.50984417751604
45,1,1.5373889315795233,129.08405576752392,1,3,3,1.2303278238090511,1,1.7624990566452112,0,1,Obesity_Type_III,54.61414036858931
26,0,1.5771943628510774,70.34843003289663,1,3,2,1.8356231658030004,0,1.2298201716038815,1,1,Obesity_Type_I,28.280297734358925
43,0,1.8263702994992048,153.6872985257972,0,2,4,1.5261030280238745,2,1.6447270276248611,2,1,Obesity_Type_III,46.074465386926384
36,0,1.5946634972076885,58.45638544994084,0,1,2,1.1420021590107805,1,1.092558209580568,1,0,Normal_Weight,22.987611662088497
32,1,1.630955392890278,117.97308544656995,0,3,4,2.0844087774386297,2,0.4368764899773607,1,1,Obesity_Type_III,44.35052567569899
45,1,1.6878527661171459,42.628948748861355,0,2,3,2.7783713996817525,3,1.0848202573566172,0,2,Insufficient_Weight,14.963579773174303
43,0,1.9340133206233718,120.10869559694318,0,3,4,2.35119973634825,1,0.7422233275531762,1,1,Obesity_Type_II,32.11112554316098
42,0,1.5503785114789683,73.92018833604334,1,2,1,1.4993607759610224,0,1.394998072074189,3,0,Obesity_Type_II,30.753006782594444
58,1,1.4526640728831957,95.65929912514872,0,2,2,2.147169213907578,0,0.9515875834694716,3,4,Obesity_Type_III,45.3311569226477
42,1,1.4818510975004302,82.50333355918869,0,1,1,2.886468566693938,2,1.6722256098553754,2,4,Obesity_Type_III,37.57183136073327
43,0,1.9295261610904624,60.76735128702245,1,2,2,2.4458301058458707,3,1.3561450246438334,2,4,Insufficient_Weight,16.321834291985738
29,1,1.7931837263669825,117.36957955182814,1,3,2,2.378947798813528,3,1.369088866062648,2,3,Obesity_Type_III,36.501101555164816
53,1,1.5947115282437376,150.12891994771655,0,3,4,2.9363163324550325,2,0.43431066698212994,2,2,Obesity_Type_III,59.0337120614359
32,1,1.5439120255359313,159.84461452758285,0,1,3,2.5977466223680494,1,1.9684995329825807,0,0,Obesity_Type_III,67.05835703092428
31,1,1.6059613704176705,63.235641757393296,1,1,3,1.2732470861975043,1,1.6833504185429775,1,4,Normal_Weight,24.518378278490903
14,0,1.5108423714431785,129.38896953193466,0,2,1,1.6952701739524028,2,1.5780097691213892,0,0,Obesity_Type_III,56.68379803306058
27,1,1.9490124424507538,122.70676019231597,0,1,4,2.930281401475372,1,0.6604304503200549,2,0,Obesity_Type_II,32.30273289640807
60,1,1.8656292724135914,82.26560148639615,0,3,3,1.9794107883959957,1,1.0712633056944638,1,3,Normal_Weight,23.635651763101908
15,0,1.6950673237636464,41.40649911856946,1,3,2,1.2232748906423707,1,0.2742063761486573,3,4,Insufficient_Weight,14.411016284990797
41,0,1.908430180711057,125.91369716142113,0,1,2,1.9172097593446837,2,1.076951953325412,0,1,Obesity_Type_II,34.57167519111794
43,1,1.5822128482754132,158.132352430497,0,1,4,2.3939864681416014,0,0.29177849296657454,1,0,Obesity_Type_III,63.16709695697377
51,1,1.8300739012902625,118.64713536137208,1,1,1,2.995096443362482,3,1.1060756879792024,3,4,Obesity_Type_III,35.4258273568561
17,1,1.903750224477284,93.8468832476419,1,2,4,1.6478106331264037,0,1.2974437603098112,3,0,Overweight_Level_II,25.894046211228652
14,1,1.6390874171603345,105.16939065806518,1,2,1,2.0281737497585475,1,0.7803919344998047,2,3,Obesity_Type_III,39.145795679688206
21,0,1.8514561560888803,64.1532297651496,0,3,4,2.7593614092995877,2,0.9970897566625865,3,3,Normal_Weight,18.71507886063901
42,0,1.606388345110084,133.56856463297095,1,2,2,1.710534436114667,3,1.7513067753491718,3,1,Obesity_Type_III,51.76106099525197
52,0,1.6083942816872863,133.04889858124096,0,2,4,1.2185231131817145,1,0.21712628940561873,2,3,Obesity_Type_III,51.43115090630968
16,1,1.5067403046337187,57.33517984881554,1,2,3,2.897871750003008,3,1.5834657859993058,1,4,Overweight_Level_I,25.25482525860546
45,1,1.6832307646499813,149.62527619495705,0,2,3,1.9768816134270002,3,0.3415091019923928,1,3,Obesity_Type_III,52.810179624480504
23,1,1.8367473104436338,72.91790717363646,1,3,4,2.0055674215439434,0,0.07341596560925678,2,1,Normal_Weight,21.614011104848608
23,1,1.948317026952781,162.7642636780135,0,1,1,2.2424002892083643,1,0.37114920549009556,0,2,Obesity_Type_III,42.878521887142796
32,0,1.770012405722421,87.24577976869297,0,3,1,1.0070732474064492,3,1.5300863799409794,2,0,Obesity_Type_I,27.847858786004494
59,0,1.9074618349999417,61.413391400546956,1,2,2,2.8622623511376983,0,0.81025214667372,1,0,Insufficient_Weight,16.879180849776667
47,1,1.8859221641238204,83.31673402955218,1,1,2,1.7229021695490834,2,1.7450410336923639,0,4,Normal_Weight,23.4252755630041
46,0,1.5418718180768989,94.46272141584635,0,1,1,1.7938637247686973,3,1.0494150823645316,2,1,Obesity_Type_III,39.73414863313141
36,1,1.7074832373236948,47.732779402825145,1,1,4,1.34821849506647,1,0.044500703852661916,1,1,Insufficient_Weight,16.37207877925062
41,1,1.5119694738284575,111.85551603413448,0,3,2,1.756303226584922,2,1.4334272192038535,1,1,Obesity_Type_III,48.92956556220896
45,0,1.8115411756276665,114.30168742348144,1,1,1,2.607887061552104,3,0.2204658174424654,1,0,Obesity_Type_II,34.8302203693318
20,1,1.9534468241704204,132.1052373740335,1,3,1,2.5999833451110694,3,1.5787592669238488,3,3,Obesity_Type_II,34.619185724547854
42,1,1.522657412781741,42.67540642863366,0,3,4,2.8715936817909054,1,0.33620509961036005,3,0,Insufficient_Weight,18.406586820893082
21,0,1.838958059325347,107.19601501866259,1,2,3,1.8064589453615916,3,0.6908927716110269,0,0,Obesity_Type_II,31.698228510347292
14,1,1.7850862199599664,45.66633659210371,1,2,1,2.4174430074971687,1,1.5225428592507206,0,0,Insufficient_Weight,14.331042319799439
16,1,1.7593106696142928,127.34417171579834,0,1,2,2.0144751104151144,1,1.9084627149528433,0,3,Obesity_Type_III,41.14281471420692
37,0,1.6567637243848197,46.021726198324046,0,1,4,2.608045579038262,1,0.7428679012934647,3,2,Insufficient_Weight,16.766474412180187
36,1,1.6382197733095207,153.8777088910457,1,2,4,2.425084018265994,1,1.6588004403978716,0,4,Obesity_Type_III,57.33652713862272
21,0,1.4739820701800106,127.46240342744656,0,3,4,1.7358058505725513,3,0.38158453095167744,1,2,Obesity_Type_III,58.6675161892079
60,1,1.5654916153735672,102.93111040072979,1,3,3,1.673347668507385,2,1.6143595404049822,1,2,Obesity_Type_III,41.99960114189755
50,0,1.4580437476120183,94.62949433342804,1,2,3,1.5048849260559352,2,1.314988118512502,0,0,Obesity_Type_III,44.51285082974927
16,0,1.758151065958471,55.46475143207106,0,3,2,2.1530315809772755,0,0.3854870144247369,0,2,Insufficient_Weight,17.94339817073833
46,0,1.5061022150152916,75.66592308514754,0,2,2,2.927685703187719,1,0.6050079207028232,3,0,Obesity_Type_II,33.35734219273908
41,1,1.9127002788357494,148.4888472326329,0,2,4,1.400133475235132,3,0.263541777194072,1,0,Obesity_Type_III,40.588218843125695
60,0,1.7272658009694974,152.96105425687423,0,1,2,1.1905049098086504,3,0.7659340221286266,2,4,Obesity_Type_III,51.26990582034996
21,0,1.8208356518011155,39.09421125468691,0,1,1,1.2388012841526272,0,0.4072972822465548,2,1,Insufficient_Weight,11.791551685235046
47,0,1.667754258675463,113.86118532617147,0,2,3,2.5661973525003,2,1.287995907260947,3,0,Obesity_Type_III,40.93658252544003
48,0,1.7471072987705558,129.6318767371643,1,1,4,1.7002096085691274,3,1.9890102084411174,3,2,Obesity_Type_III,42.469060385013215
45,0,1.9496093637923142,116.96211978965839,1,2,4,1.4487336553847594,0,0.02401832616852828,3,4,Obesity_Type_II,30.771596329473994
37,1,1.4938490410005454,49.2916503731606,0,3,1,1.705688236747,2,1.0818396265745973,1,2,Normal_Weight,22.08818006769384
27,1,1.584587019119559,66.43333724866167,1,3,1,2.2906616256590437,3,1.1473331950980195,0,1,Overweight_Level_I,26.457809296988017
45,1,1.8633938132625885,70.54287369005465,1,3,1,2.0935742496565677,1,1.8284175793616237,0,3,Normal_Weight,20.31626406291838
59,1,1.5023307196478128,143.7973035444413,1,3,1,2.487178813042452,0,1.012010669533875,3,1,Obesity_Type_III,63.71176651019175
56,1,1.4901003850691787,97.36312897492398,1,2,4,1.6781482969635526,3,1.087402839289835,1,4,Obesity_Type_III,43.84938115401473
29,1,1.6416169413396404,100.34035470459584,0,3,3,1.9040571469293708,0,0.9433056026567772,2,1,Obesity_Type_III,37.233338723003214
17,1,1.498849017990389,156.7965238658681,1,3,3,1.203936737925847,0,0.5378086091229628,3,1,Obesity_Type_III,69.79441233064138
50,0,1.7600915743692875,119.27282199569416,1,3,1,1.146117292065563,0,0.11205826649782735,1,4,Obesity_Type_III,38.500907548348444
34,1,1.5699258829327978,152.23213039563564,0,3,2,1.924510485688201,1,0.8173153644196722,3,4,Obesity_Type_III,61.76579360651074
27,0,1.9247199204956673,96.52011577303315,0,2,4,1.603193214891847,2,0.10518294248135707,1,2,Overweight_Level_I,26.054500510930485
44,0,1.865255042847986,57.828968573305076,0,3,3,2.225601144272262,2,1.1009849389318356,1,0,Insufficient_Weight,16.621453569012722
31,1,1.8208437592327225,156.1718848533348,0,1,1,1.0860043308891438,3,0.6145872864845863,3,3,Obesity_Type_III,47.1039674180845
20,0,1.776980334513786,96.79684457410983,1,1,2,1.2435327551991309,1,1.0672048030508556,0,3,Obesity_Type_II,30.654621422114126
23,0,1.9076368370809755,61.88555915673156,0,1,2,2.73038162221279,2,0.26859392879037336,3,3,Insufficient_Weight,17.005833350581536
20,0,1.5682228926176611,77.1018632782942,1,1,1,2.132623243038209,3,1.8652599314787193,0,1,Obesity_Type_II,31.3508481785844
46,0,1.9127476866650406,45.40112630080672,1,1,4,2.4241090673824544,3,1.7890424870998698,0,4,Insufficient_Weight,12.40941349877257
36,1,1.8684309181647478,98.00587452350453,0,1,3,2.6839442374145914,0,0.379993018404569,2,4,Obesity_Type_I,28.073594192933076
34,1,1.8465252379854733,146.4941496606898,0,2,2,1.9276686859001044,1,0.6868885665880198,1,4,Obesity_Type_III,42.9645023125741
32,1,1.7474655093797098,156.63113745684285,0,1,3,2.522120767934952,2,1.2269855437039592,3,0,Obesity_Type_III,51.29332785993051
32,1,1.580509405314418,156.50787814545913,0,3,3,2.0491711581470486,1,0.19137241461181254,1,4,Obesity_Type_III,62.65302355895981
49,1,1.674480395475705,54.77898322922209,0,1,2,1.4454975405474078,1,0.7091356422323016,2,4,Normal_Weight,19.536818073817702
42,1,1.8705924469055648,87.13878919639319,0,2,1,1.675312337601879,2,0.5022245736380122,0,1,Normal_Weight,24.903085992523664
31,1,1.4668425967093819,42.556823715989005,1,1,2,1.9807008821113217,2,1.8310334574333933,3,2,Normal_Weight,19.77890205438241
15,1,1.8644869077097919,146.75083346640557,1,3,2,1.6337711043445415,1,1.7050212725784104,1,3,Obesity_Type_III,42.21452434936884
14,1,1.5772374924584103,84.2032260146805,1,3,4,1.6710553826997967,3,1.1596654825337276,2,1,Obesity_Type_II,33.84811956051569
60,1,1.5264838763824495,118.52074551442158,1,2,3,1.6747856624975328,1,1.0406926737431483,0,1,Obesity_Type_III,50.863932218257155
18,0,1.5113216986355602,129.07720319773836,0,2,1,1.2456799577142084,2,1.8614515890907943,0,1,Obesity_Type_III,56.511353765927595
33,1,1.464442506333932,93.16042838763758,0,2,3,1.1692852144245027,1,1.8648555659576307,1,3,Obesity_Type_III,43.439700751611255
24,0,1.7275008371673701,77.61173440533062,1,2,2,1.0929920793826087,2,1.9386602507033208,0,1,Overweight_Level_I,26.00703581745604
55,0,1.5656777325276765,160.23882667460902,1,1,1,1.2219125220686735,3,0.2507577682163753,2,2,Obesity_Type_III,65.36767019251873
15,0,1.9743988358632047,160.52551635300563,1,1,1,1.687414184271236,1,0.32111562152634043,0,4,Obesity_Type_III,41.17885844446846
16,0,1.754451480612269,75.46898237178277,0,3,1,2.1877436115661144,3,1.3534733973597732,3,2,Normal_Weight,24.518041137444776
36,1,1.5230791927586855,99.43276218980172,0,2,1,1.376293854418818,1,1.0828689532196898,3,4,Obesity_Type_III,42.86319438655211
25,0,1.8150441466300236,161.5783639911628,0,2,4,2.7760176920052757,1,0.036931809786471925,1,4,Obesity_Type_III,49.04659034166898
33,1,1.9258040902501543,39.613419364593405,1,1,1,2.616764862478899,2,0.12395007197903873,2,1,Insufficient_Weight,10.681152655042133
18,1,1.8449451325458956,90.99745929577281,1,2,2,2.0410542256183275,0,1.7761607645176103,0,1,Overweight_Level_II,26.733902302528232
50,0,1.4905131263509073,51.65765125980202,0,3,4,2.44841966162672,2,1.7377415910787726,0,3,Normal_Weight,23.25214625307401
51,1,1.9248186160321095,103.15390366088793,0,3,2,1.7326570493975169,1,0.7145418439920903,0,0,Obesity_Type_I,27.8423601557762
43,0,1.8707825745057813,42.10841427210138,1,2,2,1.0735555854661798,0,1.7821012338610693,3,2,Insufficient_Weight,12.03156869333355
22,0,1.5339010670559756,90.26920235521911,1,3,3,2.8086656950650797,0,1.1873501487958036,2,3,Obesity_Type_III,38.365857182999186
47,1,1.477446521028393,66.80808342295222,0,3,1,1.255586976515644,3,1.6118112940378038,0,3,Obesity_Type_II,30.605922452304558
57,1,1.7453746049165835,106.19685366980134,1,1,1,2.895874692759303,1,0.8548621423204286,1,2,Obesity_Type_II,34.86055880943167
48,0,1.5326989800101878,164.49519978668815,0,3,2,2.14376517653222,2,0.22679665468981747,2,2,Obesity_Type_III,70.02280313535312
35,1,1.8923332048754942,139.86754924597022,0,2,1,1.6111261220428599,0,0.8674541252920325,2,4,Obesity_Type_III,39.05905621473066
57,1,1.639917368035987,145.5509035446771,1,2,4,1.9910492466236893,0,0.9145995959937958,0,0,Obesity_Type_III,54.12164333653237
37,1,1.933832995710385,119.0433884072442,1,3,3,2.0032596178461883,2,1.101888387681206,3,1,Obesity_Type_II,31.832250802061644
30,0,1.749814731234733,44.23654088230458,1,2,1,1.0465741588851638,2,0.211165425808856,2,0,Insufficient_Weight,14.447643698376416
23,0,1.546816363647024,65.05650718156215,0,1,1,1.7109197037682773,0,1.9828037260992228,1,0,Overweight_Level_I,27.190251655308263
43,1,1.523987399700694,155.55813411232893,1,3,4,2.479731599085835,2,0.4882736416138127,2,1,Obesity_Type_III,66.97766033337436
59,1,1.7555303919056096,85.13025285902265,1,3,3,2.020138377901416,3,0.39710480707418583,3,0,Obesity_Type_I,27.62276944269736
36,1,1.8537983142870953,52.05822753658025,0,3,4,1.4884602340191684,0,1.053605837711873,1,3,Insufficient_Weight,15.14831793160698
45,1,1.8641979933033566,127.50307609914145,0,2,2,1.670219720073888,3,1.0744163587897773,3,3,Obesity_Type_III,36.68906044703801
30,1,1.596151424353879,76.73167321571609,1,2,2,2.7261087862318982,1,0.8796414756664885,0,1,Obesity_Type_II,30.118024966097746
30,0,1.5582507822234488,72.87597102592562,0,3,1,2.051099340300459,3,1.543784292650509,2,1,Obesity_Type_II,30.013016525130812
27,1,1.4588808413809626,164.7451594003408,0,2,3,2.056704245102472,2,1.0333088014572054,1,2,Obesity_Type_III,77.40571398132015
22,0,1.8099755501366197,147.12550455335844,0,2,2,2.92293491810202,0,1.2193909102899683,3,2,Obesity_Type_III,44.909947632506835
53,1,1.4905811769697757,90.40016511434797,1,3,4,1.6417627980732867,3,1.4474927708155712,0,0,Obesity_Type_III,40.68721448805422
15,0,1.6730034369359406,162.51291218487887,1,3,2,1.9590822502124567,2,0.05005020312773323,1,0,Obesity_Type_III,58.06229613845298
58,1,1.7688915469296969,120.91426615082092,0,2,2,2.6234271954416677,2,1.1412883650900896,2,1,Obesity_Type_III,38.64338228511864
38,0,1.9466677408074289,132.49482893684979,0,3,4,2.5178244977740594,3,1.7683889424567385,2,0,Obesity_Type_II,34.96352928779247
52,1,1.6152551325865574,42.97064342835866,0,3,1,1.5315988438573451,0,0.03477748585086782,3,4,Insufficient_Weight,16.469848234913087
22,0,1.5823792460966555,54.32226267785519,1,3,3,1.3021820952107717,3,0.8103642076019222,1,3,Normal_Weight,21.69485215018474
35,0,1.7967048817716322,118.76872593852603,0,3,1,2.4014091523747365,1,1.85245490041166,0,0,Obesity_Type_III,36.791593829607834
56,0,1.7781966869883983,152.27702181383498,0,2,4,1.5153123536143895,3,0.7063088045650756,0,0,Obesity_Type_III,48.15870286956545
59,0,1.626018185153306,117.59170948703705,1,3,2,2.8453516570484823,3,0.9174576484004817,0,2,Obesity_Type_III,44.47601901308676
17,0,1.941893972820187,55.88713668419297,0,1,3,1.2584953879784522,0,1.9630827860886255,3,4,Insufficient_Weight,14.82043094032411
39,0,1.8977770335695054,53.5857658270369,1,3,1,1.636630400269553,3,0.3986477179011476,0,0,Insufficient_Weight,14.87849723638461
42,1,1.5687107493084929,145.3674228738343,1,1,4,1.1095744938498275,2,0.13051037825001188,1,3,Obesity_Type_III,59.071955276974435
58,0,1.5767455490802973,56.5520946771972,1,3,2,2.406610613726756,0,1.7188451817226087,3,0,Normal_Weight,22.747070220838303
47,1,1.7215191838501527,104.5492270235072,0,1,2,2.7825252978307966,2,1.736930682424737,2,1,Obesity_Type_III,35.27744252228352
36,1,1.8599932139172817,43.67627831525009,0,1,1,2.2717490546620143,0,0.9441556693600264,3,4,Insufficient_Weight,12.624753444565693
50,1,1.473341401075886,49.16439069128835,1,3,4,2.875506031022967,1,1.0284143489545725,3,0,Normal_Weight,22.648731105237136
24,1,1.8174676314793945,123.71588172300096,0,3,2,1.2570079570024193,1,1.671612739235672,3,4,Obesity_Type_III,37.45347209126352
19,1,1.7935650256125113,125.8368577138671,1,3,2,1.1754678545253978,1,1.4771189962315903,1,0,Obesity_Type_III,39.11772702139751
31,0,1.5726844508338838,82.02514523266373,0,1,3,2.6768254623347416,3,0.5302980044340213,2,3,Obesity_Type_II,33.16376447340705
34,0,1.811117097017915,66.16683042062364,1,2,2,2.7110223507730153,1,0.03378671014303691,2,3,Normal_Weight,20.17192155057034
55,0,1.9482970913636037,141.5274941154208,1,2,1,2.6620790542142565,0,0.9594003250670915,3,4,Obesity_Type_III,37.28468281032635
49,1,1.4747964978350372,66.35500691320618,0,3,4,2.5979298050674915,1,1.7178246521912828,3,2,Obesity_Type_II,30.50770255957138
54,0,1.619415589304793,107.29541077796384,0,2,4,1.7244567278773204,0,1.7916693533803243,3,2,Obesity_Type_III,40.91330047119665
51,0,1.6822336598331682,160.99431394872607,0,2,3,1.4349241671827755,2,1.9124523941523077,1,1,Obesity_Type_III,56.89025765500653
47,0,1.9266079902300854,57.62940717066036,0,3,4,2.85760803999558,3,1.7591264752255624,1,2,Insufficient_Weight,15.525923352748766
30,0,1.959998566702853,157.55040970433333,1,1,1,1.614000365696668,2,1.1600871105961967,0,4,Obesity_Type_III,41.01172431529569
50,0,1.685381080643056,62.04452468665225,1,3,2,1.7968153643280644,2,0.8892111984722018,2,2,Normal_Weight,21.84274587186231
38,1,1.8475150584353612,110.49784421092693,0,2,3,2.3991179189032663,1,1.549699693068198,0,1,Obesity_Type_II,32.37261865743151
51,0,1.7317803425951759,86.50297170680182,0,1,4,1.5867121599879752,1,1.479643268731193,0,0,Obesity_Type_I,28.843331145798693
25,1,1.7350249554129296,160.58100378923007,1,2,3,2.6382604431220025,1,1.0762868601629088,3,2,Obesity_Type_III,53.34364854709335
36,1,1.5973927429851689,73.46629565424405,0,1,3,1.1400692472635625,2,0.17465474511693824,1,4,Obesity_Type_I,28.791528932024868
55,1,1.5649868103078561,89.35690826280495,0,2,4,2.582365334777869,3,1.8521626935738376,0,4,Obesity_Type_III,36.48436320358131
35,1,1.6026428333397418,162.84037484978296,0,3,3,2.2037026452356083,3,0.9112050750033243,0,1,Obesity_Type_III,63.39990422299318
34,1,1.744853843846252,106.59526928974762,0,2,4,2.145987288227186,2,0.7266675638325286,0,1,Obesity_Type_III,35.01223397390043
40,0,1.4654522485917072,102.33139456827794,1,2,1,1.9167540782773214,3,1.2591347903375434,3,3,Obesity_Type_III,47.650290149886736
44,0,1.930841940508895,71.4800895137029,1,1,4,1.5540911925668448,2,1.3476759223339538,3,3,Normal_Weight,19.173069223250135
19,0,1.5328303660613813,127.37180859911562,0,2,2,1.9281405708624733,2,0.42137583406060286,1,3,Obesity_Type_III,54.21071368117162
40,1,1.5666469987418348,40.810991923999985,1,3,4,1.9000570240373746,3,1.6738776896199123,0,0,Insufficient_Weight,16.62780215605005
53,0,1.7246863735172524,45.23859134248899,0,3,2,2.16750837756614,0,0.5798741873247557,0,4,Insufficient_Weight,15.208584989156835
47,0,1.826360826158758,114.51918197911114,0,3,3,1.5631485717110605,0,0.3733678518286334,1,3,Obesity_Type_II,34.332471677935864
25,1,1.5007363990145306,82.05099630112522,0,1,4,1.155191163952298,1,0.8127997057089948,1,4,Obesity_Type_III,36.431330025968116
58,1,1.618378189699996,159.11786289732103,1,1,2,1.2901788932782765,3,1.4611201617949305,1,1,Obesity_Type_III,60.751765471028115
20,1,1.9633975409544093,152.802027031071,1,2,4,2.3983548629231457,1,1.9309163568796068,2,0,Obesity_Type_III,39.638081844088205
23,1,1.5890417723939012,128.9269885932651,1,2,4,1.044984659271081,2,1.6185625287428664,1,1,Obesity_Type_III,51.059106511278806
58,0,1.6159165768834678,142.08634322210298,1,2,4,2.71288608929086,0,1.8806967553403835,3,4,Obesity_Type_III,54.41447769597666
30,1,1.8933442000275578,123.08381305812937,1,1,1,2.3887946549598267,3,0.28121160815305357,2,3,Obesity_Type_II,34.3353749823013
39,1,1.4766136487959411,54.823344941480244,0,1,2,2.5361730826154325,3,0.14235359772735356,1,1,Overweight_Level_I,25.143849748409043
34,0,1.6962449794687546,135.45846458083952,0,2,1,2.6719688981869494,3,1.1154095238133424,3,2,Obesity_Type_III,47.079191724209046
41,0,1.6511968851593852,65.48418805857465,1,1,1,1.2454208878603623,0,0.5805949660880687,1,0,Normal_Weight,24.01810425727556
59,1,1.617790982751585,79.75379974262479,1,1,2,2.6449021819401324,1,1.6561099459385458,1,4,Obesity_Type_II,30.47239313402437
15,0,1.6014207848437252,142.22351072490494,1,3,4,2.0092848753181127,0,1.3439757428046522,2,3,Obesity_Type_III,55.457523635836054
56,1,1.4984282755760168,106.60222665757448,0,3,1,2.7710476775063944,1,1.9414563279715888,3,1,Obesity_Type_III,47.478212163689975
14,1,1.6168576895563738,147.35252998710956,1,2,1,2.773173202120687,2,0.5095847114626084,0,0,Obesity_Type_III,56.36558309198142
49,0,1.4728177734393042,65.84245030025129,0,2,1,1.0483560875083404,2,0.9715682287104648,1,3,Obesity_Type_II,30.353442396527118
39,0,1.8639108477315507,115.58008326446779,0,3,4,1.7657304309670778,1,1.0024809548507065,2,1,Obesity_Type_II,33.26846256114389
42,1,1.661060730797746,49.557662541080965,1,1,1,2.0527975917305468,2,0.4783535897147524,3,4,Insufficient_Weight,17.961383746324735
34,1,1.685269031129553,120.02568518604373,0,2,3,2.356720179565804,2,1.1801867989760155,1,2,Obesity_Type_III,42.260605336788785
24,1,1.9236051308185698,135.07928875971737,0,2,2,1.572372493368268,3,0.886571972158479,0,2,Obesity_Type_III,36.50538320350865
53,0,1.798769141446447,112.70129264131893,1,2,3,1.5042845213293046,3,0.8934431119797472,3,4,Obesity_Type_II,34.831970213872964
24,1,1.4542713247713235,72.54516918885008,0,1,4,1.7625314381780945,0,0.7254732959449672,3,0,Obesity_Type_II,34.30185575101576
49,1,1.949882656169481,42.94917627621721,1,3,1,2.0018773834997887,0,0.03385870485107012,2,4,Insufficient_Weight,11.296343402991148
52,1,1.575686566968187,54.05055937950001,0,2,2,2.9022924628108266,0,1.044190473829578,1,1,Normal_Weight,21.77010520211157
53,1,1.507035517922725,117.4101753633273,1,3,1,2.524216933394875,3,0.6704956714006622,1,0,Obesity_Type_III,51.6962166670265
48,1,1.8571079345418675,156.73694732215674,1,3,4,1.8586423338754106,0,0.0026397379686593503,3,2,Obesity_Type_III,45.44614951396211
47,0,1.7152529774093606,65.0233349004728,0,1,2,1.1087323568803675,0,0.615887415323864,1,1,Normal_Weight,22.10104841682403
60,1,1.6798983999895492,131.61329478724247,1,1,3,1.3370411842875187,3,0.557256666179514,3,3,Obesity_Type_III,46.63733530840476
37,1,1.582236632231853,148.1728339693792,0,1,2,1.911848848638834,1,0.7868963064472716,0,3,Obesity_Type_III,59.186916795971634
35,1,1.7401598896270287,104.6311544843864,0,1,1,2.6276518001974085,3,0.2637039792867939,2,3,Obesity_Type_II,34.55275726564049
18,1,1.5954238407573713,123.32749027630088,1,1,2,1.7613910713546879,1,1.0153676492701689,1,2,Obesity_Type_III,48.451557098283836
46,0,1.9278389928021458,141.69192990119467,0,1,4,2.0769933014901194,3,1.38488070503626,1,4,Obesity_Type_III,38.12445072399547
49,0,1.564058374258592,71.84506987531479,1,2,4,2.7836097721702044,0,1.260371138109145,2,0,Obesity_Type_I,29.369128247067174
60,0,1.9187082297415494,76.40885495777341,0,3,2,2.827592518853258,2,1.6075098951383813,0,2,Normal_Weight,20.755147056726354
33,1,1.7464848756354991,39.07906709518548,0,1,4,1.4315499928853788,2,0.9040165759741623,0,1,Insufficient_Weight,12.811929183745777
32,1,1.8890987109644777,160.34986049312312,1,2,4,1.0871898435851888,1,1.0381834606794564,0,1,Obesity_Type_III,44.93236550948471
48,0,1.8278083778063061,154.61065671913946,0,3,4,1.6108210619430299,1,1.6208038817179666,0,3,Obesity_Type_III,46.27837465556034
56,0,1.8192484090614767,135.33560123368824,0,1,3,2.3916046296515603,1,0.8554023416384771,0,0,Obesity_Type_III,40.89102990189818
30,0,1.6219032780783795,48.96357864305766,0,1,1,2.902224401952533,2,1.4031986997991939,3,3,Normal_Weight,18.613294499599444
58,1,1.573965373680268,95.38536410213803,0,2,4,1.1540639999682278,1,0.8692047374359837,1,1,Obesity_Type_III,38.50271848970411
56,1,1.5617697006708178,51.83836100041565,0,3,2,1.056967621098543,3,0.8354723890231253,1,1,Normal_Weight,21.252854833384266
47,0,1.904311578241582,41.00595367511262,0,1,4,2.768294425971444,3,1.5204112490583206,1,4,Insufficient_Weight,11.307612073140888
22,0,1.8848262147372805,116.63905361678727,0,3,3,2.4962905382062823,2,0.3496738309324223,3,4,Obesity_Type_II,32.83230399996655
39,0,1.6835039698465228,160.06450655210375,0,2,2,2.9844971583111506,3,0.6771719438831472,2,4,Obesity_Type_III,56.47636683386748
15,1,1.520174445153121,152.76137095245093,1,1,1,1.7935857629313063,1,0.44834455349380353,0,3,Obesity_Type_III,66.10384054592123
22,1,1.652593693548053,126.79110668186095,0,3,2,1.8321018102735387,2,0.7182198859351943,2,0,Obesity_Type_III,46.4255021972013
22,1,1.7782520306925629,51.176713604773795,0,2,2,1.3446236745948992,1,0.46074964473204805,0,4,Insufficient_Weight,16.183996166505846
53,0,1.690833671874375,73.54466874670982,1,2,2,1.231694305194677,3,1.1588112621733093,0,2,Overweight_Level_I,25.7246467829698
30,0,1.8635003122959872,79.32714758754666,1,1,2,2.1574360211804757,1,1.5963416052356905,2,4,Normal_Weight,22.843513303016532
14,1,1.9787400957932344,135.1569072759407,1,3,4,1.728570002589665,2,1.5732261224358037,1,3,Obesity_Type_II,34.51920120226323
38,0,1.5513000068779152,140.0833965836244,0,1,1,1.1606328958904901,1,0.7290019290975849,3,0,Obesity_Type_III,58.20966161532823
56,1,1.6936149344195734,87.52337149672996,1,1,4,2.77397413904664,3,1.9775208117885235,2,4,Obesity_Type_II,30.513687169835197
53,0,1.6784214680180356,91.65338357381881,1,3,3,1.3967129364986661,0,1.1877087294116015,1,0,Obesity_Type_II,32.53467336326178
55,0,1.611381042356944,44.60813894879759,0,3,3,2.4971686940070654,2,0.7988006035565896,0,2,Insufficient_Weight,17.17978027411096
38,0,1.5549906238617535,75.43122652076389,0,3,2,1.5644571922362223,1,1.671078558482851,1,1,Obesity_Type_II,31.195763559075697
52,0,1.4848168217395195,95.86193232438264,1,2,4,2.625809661505598,2,1.4597480252852817,0,0,Obesity_Type_III,43.48108981753972
48,1,1.9201732381285601,53.739863844542455,1,2,4,1.236793682855308,1,1.4985506736482088,0,4,Insufficient_Weight,14.575240737682323
16,0,1.6725198097737484,96.11170005513269,0,3,1,2.512143220443523,0,0.3922786994677432,1,3,Obesity_Type_II,34.35846226924947
50,1,1.7133546248050258,146.50015234448284,0,2,1,1.1962377478010249,3,0.9366486147371103,0,3,Obesity_Type_III,49.90494185624761
57,1,1.9359792855464855,112.24644848535672,0,1,1,1.8938315757138866,1,1.7236562616492055,3,3,Obesity_Type_I,29.948232518949645
57,1,1.8614339530834523,48.94516173483996,0,3,4,2.468008701199209,1,1.0080760152575146,1,3,Insufficient_Weight,14.125847238054499
43,0,1.5191656699821077,63.15058617261457,0,1,1,1.3464367623738012,0,1.3669054868421007,2,0,Overweight_Level_I,27.363214238234526
51,1,1.7496725828321034,98.79258811997809,1,3,1,1.571329977693446,2,1.175867466068529,0,3,Obesity_Type_II,32.27087862836782
47,1,1.6843937065553662,84.54738087754832,0,1,1,2.7295339841843953,3,1.6847135754367641,0,1,Obesity_Type_I,29.79977179779846
25,1,1.8725218684667442,84.19960446280845,0,3,2,2.770238641815292,1,0.5691216795232052,3,2,Normal_Weight,24.013543734670485
32,0,1.8338432502343331,105.68769846609236,0,1,3,1.0898709049054525,1,1.1509505557727298,3,0,Obesity_Type_II,31.426789618618127
50,0,1.8159150326128681,112.63388612027164,0,3,3,1.3361811707059505,3,0.24646933601960797,2,0,Obesity_Type_II,34.15686638094206
57,1,1.6304887628043454,139.4045578548001,0,3,4,1.234943880545718,0,1.3804215533989357,0,3,Obesity_Type_III,52.43742454731209
30,0,1.8766307771116049,81.96178699627308,1,2,4,1.359386189302606,2,1.4639356767054241,2,3,Normal_Weight,23.273073953243184
23,1,1.4777673866652763,140.48875166311393,0,1,2,2.940375448612545,3,0.08567464237799682,2,0,Obesity_Type_III,64.33234733097885
60,1,1.5346011977590486,81.66501486819169,1,2,3,2.103310497580913,2,1.3515819272559702,0,3,Obesity_Type_II,34.6772763789039
25,0,1.6278803346782933,45.98455660659546,0,1,1,1.9362247809098536,0,0.8293803083315727,2,3,Insufficient_Weight,17.352699644828665
29,1,1.490707943766719,108.82764402660369,1,2,1,2.9689347461852322,0,0.24819375221936468,2,3,Obesity_Type_III,48.972705335900535
37,0,1.5745469670933865,113.07569293674663,1,3,4,2.113912259721471,3,0.8398150953969352,3,3,Obesity_Type_III,45.60978430245568
32,0,1.8899800209888966,156.75207094835437,0,2,3,2.322235854691049,1,0.3884658593911634,3,3,Obesity_Type_III,43.883257754125836
21,1,1.9525733150287419,130.48372708387177,0,2,4,1.6655410920983604,0,0.8311190642466331,2,4,Obesity_Type_II,34.224857913946714
44,0,1.6114392485603208,154.63935421429937,0,3,4,1.7642297290190372,0,0.7686780559170554,0,4,Obesity_Type_III,59.551424291467086
34,0,1.5901933761140843,153.4517484906192,0,2,1,2.1888187676181463,3,1.476783273872115,3,4,Obesity_Type_III,60.68368720973037
30,1,1.5983431056906063,115.17633789253851,0,3,1,1.1395715680009295,3,1.5484311163327176,2,0,Obesity_Type_III,45.084083092799865
36,1,1.5971911162959471,105.49802023239239,1,1,3,1.5117657720895503,3,1.2140573087690933,1,2,Obesity_Type_III,41.35523927000089
50,0,1.4690429965585656,109.23756186261359,0,2,4,1.3936234989206142,0,0.045373684364895084,1,0,Obesity_Type_III,50.61776720516596
29,0,1.9412656635554872,162.26968176733322,0,3,2,1.0317867862800072,2,1.862044558141988,2,4,Obesity_Type_III,43.059346913452714
19,1,1.563260015032274,136.41912916011682,1,3,3,2.073802541040844,0,1.3724665601928954,1,0,Obesity_Type_III,55.82295645044764
21,0,1.6726021592631446,52.38950400384188,0,2,4,2.122105679047758,3,0.06839089984237767,3,2,Normal_Weight,18.72660200607025
38,0,1.4551340478527128,137.08197925445637,1,1,3,1.7678784460745178,1,1.6376657984282357,0,3,Obesity_Type_III,64.7402483501794
31,0,1.9047161981849803,60.48779416117646,0,2,3,1.5374549389295817,1,0.4005323094359923,2,1,Insufficient_Weight,16.672748413044776
38,0,1.837513392561106,95.36616917470883,1,3,3,2.3041197519892496,3,1.1584423791422136,3,4,Obesity_Type_I,28.244462301668268
25,0,1.9517806986420627,65.51791869424332,0,1,2,1.2693183227689138,1,0.9332687399003743,0,4,Insufficient_Weight,17.19879638465742
28,0,1.8642562039740915,125.88746625718696,1,2,2,2.037230063270668,0,0.8396775647101533,1,2,Obesity_Type_III,36.22190594202386
39,0,1.6162644513875946,149.5410267603225,1,3,1,2.53614797162124,2,1.779427440248795,1,3,Obesity_Type_III,57.24473063744893
54,1,1.5813728801260645,75.5855975562018,0,2,1,1.3285959679049446,0,0.8747225831252294,1,3,Obesity_Type_II,30.22529008787484
58,1,1.8197896430032452,49.33335339223164,0,1,4,2.5065190771916375,3,0.15068823514630147,1,1,Insufficient_Weight,14.896980842696566
39,1,1.6429797707555647,76.61013035744537,0,1,3,2.5215890183067957,0,1.8932774544299051,3,3,Obesity_Type_I,28.380612820891436
60,1,1.7500939583488868,123.71759409945649,1,1,4,1.1198532964609098,1,1.841070462479255,3,2,Obesity_Type_III,40.393244164574824
45,1,1.4533164596440291,80.42377607186069,1,1,1,1.0375686521743637,0,1.3688653791631975,0,3,Obesity_Type_III,38.07711852893105
23,0,1.4827994218906517,74.04213311177924,1,1,2,2.9478708119763897,2,0.93578505626405,2,2,Obesity_Type_II,33.67550413268429
29,0,1.7337450088262751,62.23883401361738,0,2,1,1.3867653189976499,1,0.18571894588704252,0,4,Normal_Weight,20.70575163329692
20,0,1.7500179726175276,101.68706978617863,0,1,4,2.644278418200206,2,1.5814962371549524,2,4,Obesity_Type_II,33.203259151765735
30,0,1.848270060563452,73.76955234780564,1,1,1,2.123701306090597,2,0.15095582884805792,1,4,Normal_Weight,21.594656033871114
36,1,1.5199416194006996,131.1073039915749,0,3,4,1.5289443150739936,2,0.1372019697902913,1,0,Obesity_Type_III,56.75094173575084
39,0,1.7219870343910928,48.65442265101754,1,1,4,1.2599408732376252,0,1.0747676848787362,1,4,Insufficient_Weight,16.408261514074617
34,0,1.553057251548795,122.66816217202602,0,3,4,1.993354547155455,0,0.32025648036928045,1,2,Obesity_Type_III,50.85772476856246
35,1,1.4993939433682282,68.932561835539,0,3,4,1.8147096232588997,0,0.015460534680697968,3,1,Obesity_Type_II,30.661465923434893
20,0,1.667562770852094,100.649186892502,1,3,1,2.397772170234136,0,0.8462268619915725,0,3,Obesity_Type_III,36.19477567011733
27,0,1.5365684234872004,75.04733017593884,0,2,4,2.8083370990954535,1,0.2744344632201319,2,4,Obesity_Type_II,31.78567498822392
28,1,1.5675444484419288,130.06885317736027,0,2,4,2.610496173926877,0,0.3210308305613825,2,0,Obesity_Type_III,52.93386220113638
20,0,1.618303927330836,158.10868707170624,0,3,3,1.5489041004096238,1,0.15382127747066932,3,0,Obesity_Type_III,60.37199899621889
22,0,1.5874758523938939,154.55167421319646,0,2,4,2.7578664369046115,2,0.4101875074472199,1,2,Obesity_Type_III,61.32809270039207
21,0,1.4964233876251516,112.51170310815547,0,1,1,2.666782628209208,1,1.4309683595487788,0,1,Obesity_Type_III,50.2445226295982
36,0,1.4976556097756422,97.28889821037927,1,2,4,2.8582724674435367,3,1.6178546144355828,1,4,Obesity_Type_III,43.37498822640142
42,0,1.552422190074109,142.1058641893621,0,1,2,1.9173216420759753,0,0.9050672880586013,3,4,Obesity_Type_III,58.96473028566316
31,1,1.4767963696185555,125.09912169109397,1,1,2,2.537150344818797,3,1.0131076317628354,2,0,Obesity_Type_III,57.36051322095453
44,1,1.7820222204287712,62.129078391333536,0,2,4,2.1833161310473406,1,0.0653100691884052,3,2,Normal_Weight,19.564496756624735
43,1,1.602283159749718,142.43582091523803,0,2,2,1.6210055050989667,0,0.1386325227426337,2,0,Obesity_Type_III,55.48054090001936
52,1,1.5982653629176076,93.03943306373348,1,3,2,2.988862005085527,3,0.5151354512990338,0,0,Obesity_Type_III,36.42246041848119
48,1,1.6259590959460155,62.81219315636807,1,2,1,1.0766149336793227,0,1.087796841426295,2,1,Normal_Weight,23.758812256487037
31,1,1.8012820253311523,74.50646614995804,0,2,3,1.3245451451181494,1,1.479102297469986,0,2,Normal_Weight,22.96310092919635
55,0,1.91143595718625,72.70840581129113,0,2,2,2.78508472506379,3,1.210006122676066,1,1,Normal_Weight,19.900551836978938
52,1,1.8523160742544884,104.42007880003597,1,1,2,1.121125686825267,1,0.7842557099735765,1,2,Obesity_Type_II,30.433634852525735
30,1,1.8355904920193002,68.53063142541231,1,1,3,2.7736413346870434,3,0.23664814600627637,3,4,Normal_Weight,20.339165696204276
27,0,1.70672732836845,54.5693774125986,1,1,3,2.430442952116402,2,1.5615464697743788,0,3,Normal_Weight,18.73357717731903
44,0,1.8177169451927282,54.58504717733385,1,3,2,1.0733680107890846,2,0.7275721031981142,1,3,Insufficient_Weight,16.5204235797244
37,1,1.742964055057799,112.49280083952617,0,3,4,1.8586400857083532,2,1.4721080289655792,0,2,Obesity_Type_III,37.029501742370165
48,0,1.5646127799388603,131.5796703950217,0,3,2,2.5089429500044744,2,1.0259576838286837,1,3,Obesity_Type_III,53.7495766039152
57,1,1.560551834902757,79.51315911363093,0,1,4,2.1662005692615995,2,1.4773241071236505,1,0,Obesity_Type_II,32.64995682424036
58,0,1.6070877636439003,43.36598943656615,0,2,4,2.871742583928916,1,1.8145791229051438,2,4,Insufficient_Weight,16.790749052998677
47,1,1.932725415614001,55.03033575406335,0,3,4,2.7352880658239997,2,1.842059032107604,3,4,Insufficient_Weight,14.732004644790315
16,0,1.7401298654012547,154.2515146024692,1,3,3,1.665295270668292,1,1.0702135600012068,2,3,Obesity_Type_III,50.94084157996277
50,0,1.8389698498109908,101.18650110827107,1,1,2,1.1692543910401807,2,1.0230167295312775,0,2,Obesity_Type_I,29.92081100400331
56,1,1.6336761427027702,96.15017401151202,1,3,2,2.8885140792913027,0,0.5313569310056745,1,0,Obesity_Type_III,36.02617387619682
53,1,1.6660893584525693,43.79419646707146,0,2,1,2.034573535535853,2,1.8715996630585827,3,2,Insufficient_Weight,15.776838553388128
39,1,1.5165497566777433,130.8082648119293,1,1,3,1.148795248743897,0,0.9158383343992418,1,3,Obesity_Type_III,56.875058624640126
36,1,1.5407863276454852,105.53657819744194,0,1,1,2.6331512267185593,1,0.2551824785747543,1,4,Obesity_Type_III,44.45475047765654
57,1,1.888498974057857,64.46219794690163,0,2,1,2.737012941370782,2,0.8654098292530998,2,4,Insufficient_Weight,18.074721028593178
52,0,1.7599644747951075,52.8692937828132,0,2,4,2.2788492803531417,3,0.2541065004760079,0,2,Insufficient_Weight,17.068513738729415
28,1,1.628892206918424,87.30687081763182,1,2,3,1.8950179313726798,1,1.0050633685141501,3,1,Obesity_Type_II,32.905139160309595
17,1,1.8755111407676393,144.48240748857324,0,3,1,2.3243460246471455,2,1.1225510297124244,3,2,Obesity_Type_III,41.074820394684615
42,0,1.580655549988131,148.02711445932908,0,2,2,2.4133673914102474,1,0.6755115229871707,3,1,Obesity_Type_III,59.24705835107155
35,0,1.967297330258108,114.95864392985018,1,1,1,2.786059916171936,3,0.14330122846296933,0,2,Obesity_Type_I,29.703089714922
38,1,1.63275333210547,130.66958983099798,0,2,3,2.911723360749476,2,1.8870070712664782,3,1,Obesity_Type_III,49.01549246255474
26,0,1.6287748057001505,53.509629212761666,1,1,2,2.0286418647818225,3,1.5467062269668592,0,1,Normal_Weight,20.170183800833055
31,0,1.6153133099344537,113.10388424894971,0,1,2,2.596989067053125,2,1.677762161010242,3,1,Obesity_Type_III,43.34749215196831
46,1,1.5147191034398726,123.03767863938491,1,3,2,2.92901911198331,0,0.7337367885724588,1,1,Obesity_Type_III,53.62581717701669
29,0,1.5089026880859666,64.28981820713781,0,2,4,1.302486676293932,1,1.521662060038901,0,0,Obesity_Type_I,28.23707668376829
58,0,1.7934956683030854,149.89949634669262,0,3,2,1.0365359632193534,3,0.9707457903383885,2,1,Obesity_Type_III,46.601458533292906
55,1,1.9138125636157648,63.56958892764849,1,2,4,2.737927545696588,1,0.4021669768120919,3,1,Insufficient_Weight,17.356038328326235
57,1,1.868975870443987,78.49814734065275,0,2,4,1.3905466664943216,3,0.24884675381442656,2,4,Normal_Weight,22.47253254757364
15,0,1.524787024831316,117.19016272495578,1,2,1,1.084957533263602,1,0.6901017386441137,0,0,Obesity_Type_III,50.40490283960546
48,0,1.7391585245497951,119.43210820647208,0,2,1,1.3201922753148891,1,0.27510422295027936,1,1,Obesity_Type_III,39.48596524115757
55,1,1.505963519367619,127.12247736440827,1,2,2,1.7682298224875386,1,1.9965379524081373,2,3,Obesity_Type_III,56.05230088845188
47,0,1.474006161114931,53.113475846593914,0,1,3,1.4385314031851602,0,0.09837798046404411,2,0,Normal_Weight,24.44590534230526
43,0,1.7978845054739265,146.03251817099797,0,1,2,1.6105072582008861,2,0.8822871987381531,1,4,Obesity_Type_III,45.177895342796546
26,0,1.7336307368505857,106.13873866769075,0,2,1,2.9505881028600927,0,0.9041870447807683,1,2,Obesity_Type_III,35.31512319642131
26,1,1.4934725531620796,98.3865460572386,1,1,2,2.40881108832515,1,0.6012638571633511,0,4,Obesity_Type_III,44.110423086546284
31,0,1.4685178005951738,162.61830068870222,1,3,1,2.424383456506408,3,1.1427031314138907,3,4,Obesity_Type_III,75.40688280550609
45,0,1.9745708991069475,132.2876654145685,1,3,2,1.1893707494558456,1,0.29995404830308936,2,0,Obesity_Type_II,33.929220945450005
45,1,1.465911306039008,53.86875935404123,1,3,3,2.4641967396453834,2,1.5678247611744673,2,0,Overweight_Level_I,25.068109590986904
48,0,1.6855999741165846,134.3239350705063,1,2,2,2.4786886659106098,0,0.6648954364952766,0,3,Obesity_Type_III,47.27639736223396
52,0,1.7174480830420786,51.00136568058156,0,2,3,2.3194900368132645,2,1.1826851795972835,3,3,Insufficient_Weight,17.290779413328732
59,1,1.512158478334236,42.46129087663609,0,1,3,1.4568725919957501,3,1.4312784721339187,0,0,Normal_Weight,18.569430107966802
42,1,1.5396027425730496,89.85686280400704,0,1,2,1.8460723581643699,2,1.7780842353803223,2,0,Obesity_Type_III,37.90826428880489
42,1,1.6364566533974867,164.19084977522155,0,1,3,2.6925529093392506,0,1.6715748729044002,2,0,Obesity_Type_III,61.311217208450635
57,1,1.8536882143932412,61.03537596055269,0,3,3,2.3404032586812527,3,1.2166180562071192,1,2,Insufficient_Weight,17.762669965426213
29,0,1.7187536847519413,123.75318728437554,1,3,1,2.4655376699998044,2,0.7767863607677739,1,4,Obesity_Type_III,41.89180840600709
57,0,1.7880879935130696,60.84790434197104,0,3,1,2.174748800251618,0,1.006409340149928,3,3,Normal_Weight,19.031273529559346
60,1,1.9721425141980578,130.32315884475665,1,3,3,1.899173198223557,0,1.5374695867576051,2,3,Obesity_Type_II,33.50772999309217
23,1,1.857042880716001,102.67456219796608,0,1,4,2.518104020134216,1,1.755091085118946,2,1,Obesity_Type_I,29.77275307390595
43,0,1.6802115940148454,124.67643547126141,1,2,2,1.13585162873261,2,0.20756385635334373,1,2,Obesity_Type_III,44.162781924631986
38,1,1.6866142185521709,64.56202016519356,1,2,3,2.3463214655605285,3,0.769712524986107,0,0,Normal_Weight,22.69580527806481
52,0,1.7779492008317326,132.94916989758326,1,3,2,2.9944090157013585,1,1.5522331968270011,0,0,Obesity_Type_III,42.057837003639236
33,1,1.8026435604620192,164.44800151246105,0,2,1,2.5603838589360635,2,0.863303525187922,2,2,Obesity_Type_III,50.606800050215156
18,0,1.7153767906934358,122.87196307887093,0,2,2,1.5811270231549106,2,0.6644555281325677,2,3,Obesity_Type_III,41.757427664250955
14,1,1.7917764480919394,101.17847975718259,0,2,3,1.5556389894107612,3,0.8226453936465392,3,0,Obesity_Type_II,31.515231541869866
43,1,1.4624722220394724,155.31992256602737,0,3,3,2.334437221186918,1,1.2056894935727016,3,1,Obesity_Type_III,72.61927579339655
16,0,1.6777001178653275,40.99733212121642,1,1,3,2.7917085140170608,1,1.999610288267603,1,3,Insufficient_Weight,14.565551264583698
58,1,1.5978371803189426,130.97036343001346,1,1,3,2.155899481695686,3,0.9859848582090636,2,4,Obesity_Type_III,51.29889229570949
27,0,1.5184624559788484,150.98206111854043,1,2,4,2.0548045743401167,1,0.4169889499085211,0,2,Obesity_Type_III,65.48129096043131
43,0,1.5027596517886508,46.77099753624064,1,1,4,1.3207682676873427,0,0.3256931505581895,3,3,Normal_Weight,20.71083366298354
17,0,1.7696918477757737,95.70808547238553,0,1,4,2.4309139107196334,3,0.08469949495282858,1,4,Obesity_Type_II,30.559998472977714
31,0,1.7275082899908842,64.79465119769986,1,3,3,2.4045972392757813,2,1.117634469836643,1,1,Normal_Weight,21.711952291040564
50,0,1.5843995820080756,110.38128886406659,0,3,4,2.933902784667695,3,1.0891441829776685,0,2,Obesity_Type_III,43.97096759082391
38,1,1.6996035311494326,120.84241278406122,1,2,2,1.6003843686113288,0,0.4104678535606183,3,0,Obesity_Type_III,41.83349394845816
14,1,1.7108831270466762,77.13052104902313,1,2,3,2.512890952735064,3,1.390658812905134,0,0,Overweight_Level_I,26.350300888899994
59,0,1.5533547596324664,96.9576903794407,1,2,1,1.868130522395258,2,1.4822140832593615,1,4,Obesity_Type_III,40.1828704029413
28,1,1.795609322797275,74.1967751448465,0,3,3,2.11694558323227,2,0.5181964107642225,2,3,Normal_Weight,23.01236885532837
22,0,1.863887258884628,85.54328672134434,0,1,2,2.632907711201116,3,0.688199528059473,0,1,Normal_Weight,24.62332250870164
28,1,1.869475676671445,59.10203454274137,1,3,4,1.4439900900379512,3,1.9809433446945133,1,4,Insufficient_Weight,16.910747047000907
37,1,1.7693090102728313,150.58048989178957,1,3,3,1.6857374790548298,0,0.7485289357014684,2,1,Obesity_Type_III,48.10179990179297
17,1,1.7211684487350773,40.26131173045119,1,1,4,2.546617340395194,0,1.5216033435122036,2,1,Insufficient_Weight,13.590679398886756
25,1,1.4823337857928593,150.18355749191736,0,1,3,2.1409158305757217,2,0.90545085325988,3,1,Obesity_Type_III,68.34871798597563
50,0,1.6025505883913511,111.03153867206706,0,2,2,1.1848458338101404,1,1.5866896557219519,3,2,Obesity_Type_III,43.233745565746524
50,0,1.49943386679243,80.7888883663042,0,1,3,1.860371733557026,1,1.5380464775652958,1,4,Obesity_Type_III,35.933291528094955
56,1,1.9608262752655912,130.10519780800155,1,1,4,2.1732666259460327,1,1.3355120503970712,0,2,Obesity_Type_II,33.83891360277506
19,1,1.5215924774996532,102.9767711346957,0,1,4,2.819034632890105,1,1.7095566925911585,2,3,Obesity_Type_III,44.47772499132874
52,0,1.5304409672210841,101.88769092155843,1,1,2,1.3769760998772773,2,1.8784369897553703,3,3,Obesity_Type_III,43.4999296898549
59,1,1.921475607715161,52.877927647789775,0,2,3,2.6119059367549657,1,1.1599666409041678,3,0,Insufficient_Weight,14.3220331609807
37,0,1.9502819902425226,88.07901926912149,1,2,1,1.2612489661531827,1,0.47493781444549144,0,0,Normal_Weight,23.156752271609164
24,0,1.8558893907945022,69.37410757794882,1,1,3,1.4844713201516144,3,0.79725792328815,3,0,Normal_Weight,20.141565880014653
26,0,1.452864609546515,40.97768410513124,0,1,2,1.486687766980246,1,1.5166114270265865,1,3,Normal_Weight,19.41319962588274
47,1,1.4507135236069788,84.37255347854628,1,2,1,2.754958391817665,3,1.301766970247739,0,1,Obesity_Type_III,40.090167777770795
38,0,1.6503934079873488,50.317588307626195,1,2,2,1.3980353840299742,2,0.3555966771304975,2,1,Insufficient_Weight,18.47331589841103
20,1,1.525999546105773,71.36058475337333,1,1,3,2.573921453970818,3,0.10247908229284941,1,4,Obesity_Type_II,30.64429195149971
17,0,1.4597446553403466,50.6570942690699,0,3,1,1.9236130680392398,0,1.3659231870841297,2,3,Normal_Weight,23.77313666824692
21,1,1.6959553453843874,51.718644820106256,1,2,2,2.9981815355946217,3,0.5021580480586907,2,0,Insufficient_Weight,17.981185046457128
33,1,1.9498228056256948,64.07542309631373,0,2,4,2.678182997304211,1,0.9993404874581069,3,3,Insufficient_Weight,16.853930206823193
42,1,1.6216243746982886,164.98100480528643,0,2,1,2.479406268895636,3,1.4934935450251885,1,1,Obesity_Type_III,62.73839685692468
58,0,1.8004045595672091,39.275202000013344,1,1,1,2.741452613304391,3,1.1253335613126663,1,1,Insufficient_Weight,12.116528805364648
59,0,1.7956847371601936,119.47275215117106,0,1,2,2.268060785210067,2,0.16660516622359278,0,2,Obesity_Type_III,37.05174663077318
23,1,1.5830724549425388,56.796705951346226,1,2,4,2.6873045130569952,2,0.3711604735671108,1,2,Normal_Weight,22.663217350699746
56,1,1.794725381876648,154.99914522555775,0,1,1,1.5222536947229117,1,0.4386563680618383,0,4,Obesity_Type_III,48.120850376825324
47,1,1.5625370063720523,50.79774456003729,1,1,2,1.1954064222021499,0,0.5157285072896898,1,3,Normal_Weight,20.805770629126993
39,0,1.514663929195751,159.3379615779058,0,2,1,2.2318640141733375,0,1.1308067839010085,2,2,Obesity_Type_III,69.4523093120974
54,0,1.8217331413466358,115.97672482291821,1,1,1,1.869380785327172,3,1.007931559650787,0,2,Obesity_Type_II,34.946309732111
16,0,1.5101236330650758,39.15977769135177,1,3,1,1.852881590584864,0,0.40632007672841786,1,3,Insufficient_Weight,17.171775786620547
19,0,1.9783618858523582,151.64490693751756,1,1,4,2.0534957048600924,2,0.13510968691137415,0,1,Obesity_Type_III,38.74506161343256
18,1,1.5472297726096216,104.7356869722317,1,1,3,1.722765223131085,1,0.34286440894943615,3,4,Obesity_Type_III,43.750705252298516
18,1,1.7648951872609224,72.09638665164105,0,2,3,2.252119062885658,1,1.9687626252372066,3,4,Normal_Weight,23.145984690151327
60,0,1.6680285228486724,135.67717636696938,0,2,4,1.0611367346952598,2,0.9370938995829445,0,4,Obesity_Type_III,48.76405937071827
36,0,1.5169848038750036,155.75985978974563,1,3,4,2.939782683763527,1,1.734691009404225,0,2,Obesity_Type_III,67.6851018705882
22,1,1.464757271016029,99.94504371649603,0,1,2,2.849417984091141,3,1.6975049333376866,2,1,Obesity_Type_III,46.58326634021866
48,0,1.7800481096152017,78.75973777983197,1,3,1,2.8705403251638675,1,1.0230391149257474,1,4,Normal_Weight,24.85654605982105
33,0,1.8775815088082368,138.40708561580078,1,3,4,1.7300069911674367,0,1.413375416921087,3,3,Obesity_Type_III,39.26094285135448
55,0,1.8962683005985743,124.90497272134529,0,2,2,2.0637819153181995,1,0.38550402082542456,3,4,Obesity_Type_II,34.736028194279505
48,0,1.7058381407307752,150.98281295253432,0,1,3,2.9082612061151503,1,1.3767934098538166,1,0,Obesity_Type_III,51.886200715271585
31,0,1.8620513976066644,126.25676560791031,1,2,3,2.8046921128551734,2,0.544769158526579,3,1,Obesity_Type_III,36.41424673416543
30,0,1.8066089807489287,69.68457070134157,0,3,3,2.5804889518022947,2,1.6641241935083015,3,0,Normal_Weight,21.350512250706686
37,1,1.8338548995745405,156.3890654696364,1,3,3,1.8146631796951849,0,0.16744826621781983,0,1,Obesity_Type_III,46.50251532843888
16,0,1.7110774727675615,52.20930414795491,0,2,2,2.128678446364347,2,1.546277345770555,3,3,Insufficient_Weight,17.832349101703148
45,0,1.7857082223283274,72.76078651346283,0,2,1,2.585824948433295,0,0.19987381313723906,3,2,Normal_Weight,22.81793760679685
48,1,1.8769287341953103,104.54452057320958,0,2,2,1.5460239910800635,3,1.762378473788618,3,2,Obesity_Type_I,29.676023700364684
51,1,1.6608786130452222,110.28349528493358,0,2,1,2.2528987364562227,0,0.6084090362700074,1,1,Obesity_Type_III,39.97925864151172
26,1,1.8771688174598193,40.92913391499008,0,2,3,2.655868649703714,1,1.3087867296611495,2,4,Insufficient_Weight,11.615178601758428
60,0,1.7637689266782033,137.35216345343844,1,3,4,2.4149095834658025,0,0.9750045572405597,0,0,Obesity_Type_III,44.15217782497078
38,1,1.5379275429165167,84.56252212159907,0,2,4,1.9589612623820014,3,0.732606290524678,2,3,Obesity_Type_III,35.75248045391711
22,0,1.4630826033290298,90.20873616626936,0,1,4,2.1692167191103167,1,1.290883666366993,3,4,Obesity_Type_III,42.141588842282076
17,0,1.6422594082115505,140.98056259905516,1,3,1,2.977351086291588,0,1.895045961102476,3,2,Obesity_Type_III,52.27279500315454
27,0,1.7397490539970601,86.78970735767061,1,3,3,2.20397558929442,2,0.08253949474924371,3,4,Obesity_Type_I,28.674444020704247
50,1,1.8951047866678488,44.950334438339105,1,1,2,2.5712355080372875,2,1.8377057117662086,2,0,Insufficient_Weight,12.516026390174547
47,1,1.5175674104743304,61.231411079264134,0,1,4,2.453209528755325,2,1.218163310042027,1,2,Overweight_Level_I,26.58754786297593
24,1,1.874109364272297,159.443799720911,0,3,1,2.4029812310587264,0,1.6146286015381046,1,1,Obesity_Type_III,45.396019527014154
54,1,1.9073947944156302,47.871075662716784,1,2,4,2.432738110228087,0,0.7677499068685552,0,3,Insufficient_Weight,13.158064171349057
16,1,1.5298643681104418,83.72133132197004,1,3,2,1.9088195025629278,3,0.9436859496752275,2,3,Obesity_Type_III,35.7709328900586
41,0,1.901344989231236,102.40057504846942,1,3,3,1.9483203490362506,1,1.737701503602328,1,2,Obesity_Type_I,28.325693171392842
42,0,1.9754703909566798,101.15338424465857,1,1,2,1.9357254747215646,1,0.8296959396196462,0,1,Overweight_Level_II,25.92026085997634
22,0,1.8352245804555658,39.49895281952999,0,3,3,1.0665092144252162,1,1.06931913349817,3,0,Insufficient_Weight,11.727546054722277
16,0,1.8659279313672437,102.14650416364378,0,2,3,1.482130660664647,1,0.04038984616866581,3,3,Obesity_Type_I,29.338221052543766
38,1,1.9770400918062028,87.35532970515357,0,1,3,1.3091280132997656,0,0.3171960116760846,0,2,Normal_Weight,22.349018476193045
47,1,1.770905062778751,161.4819962697942,0,3,4,2.7728900227945146,0,1.2833730159495995,1,3,Obesity_Type_III,51.49126371301377
25,0,1.6131797824686123,59.05404458322256,0,3,2,1.549938732905898,3,1.4339538021277543,2,1,Normal_Weight,22.69259209409055
55,1,1.8938913420603094,83.62342879169637,1,2,4,1.2768852689310808,1,1.1652018735689988,0,0,Normal_Weight,23.31405697742152
22,1,1.7756774620811646,91.85466712131729,0,3,2,1.2395338638217699,0,0.28662007255122135,1,1,Obesity_Type_I,29.132185241172337
28,0,1.758033574572107,88.22738567471956,1,3,1,2.3999796691043174,0,0.8908108571556697,0,4,Obesity_Type_I,28.546251043212827
53,0,1.5844268444224403,122.89468428413468,1,3,1,1.0121666218299186,0,0.7101895327263796,1,1,Obesity_Type_III,48.95405984313231
38,1,1.8508571628789299,66.15462005101887,1,3,2,1.9426088035130165,0,0.9913226880701766,3,1,Normal_Weight,19.311427208112047
18,1,1.493283656205851,66.85501565456298,0,2,2,1.2377422111963925,1,1.7406580691081885,0,3,Obesity_Type_I,29.981224828099602
24,0,1.9398721475211704,130.8805795111075,1,3,2,2.6993267552718105,1,1.5517228773173037,2,1,Obesity_Type_II,34.77995327642591
47,0,1.622686434208357,102.03660535345062,0,3,2,2.9169007129049165,0,0.1679790027783179,0,2,Obesity_Type_III,38.75134589170268
37,0,1.517720565978695,91.30961518322111,1,3,3,2.9175092324298073,2,1.7806183955491286,3,3,Obesity_Type_III,39.639929578304965
28,1,1.684454262544282,60.31958451133373,0,1,4,1.8839282178935386,3,0.9435343022996472,3,3,Normal_Weight,21.258856234071487
51,0,1.4725090519059625,62.628430086932994,1,2,3,2.289029648869593,1,1.4877242897719969,1,4,Obesity_Type_I,28.883883121271047
21,0,1.812851882960432,40.32950623880347,0,1,4,2.199408273021489,1,0.2800784625287043,3,2,Insufficient_Weight,12.271517213154704
18,1,1.9284339205360388,50.51970987657536,1,1,4,1.700077802771906,2,1.3414390514140961,1,1,Insufficient_Weight,13.584739782835834
39,1,1.8937493937834096,109.16167553097037,1,2,4,1.8881289828410623,1,0.47265203521891586,3,4,Obesity_Type_II,30.43863545772007
31,1,1.5175058209273768,151.37601438105963,1,1,3,1.1286473944665714,2,0.8767617942818631,1,2,Obesity_Type_III,65.73494972552902
19,1,1.5169237026670979,75.18276040645023,1,1,2,2.5913980653429745,2,0.03372574016420882,2,4,Obesity_Type_II,32.673133879686326
50,1,1.88112027563186,80.29615046291215,0,1,3,1.481607024309238,0,0.30322127586095204,1,0,Normal_Weight,22.691415905752553
26,0,1.9398547655396514,53.56630693705054,0,2,3,1.9210546622727525,1,0.18416098624723953,1,1,Insufficient_Weight,14.234862397683266
41,0,1.6941550098117493,87.96749914649496,0,3,4,1.9612414672332878,3,0.4794883458765169,2,4,Obesity_Type_II,30.64897512730611
18,1,1.714454691964296,43.68993477573547,1,2,1,2.1214234783026367,2,0.20003618004864454,1,0,Insufficient_Weight,14.863783516752681
26,1,1.6186788819344347,154.61768772899944,1,2,1,2.63575327577618,3,1.3838200532391238,1,1,Obesity_Type_III,59.01165201104367
30,1,1.9239605126758994,123.81202986369061,1,2,3,2.3837620923674994,0,0.05807980441843874,2,4,Obesity_Type_II,33.4480293099069
53,1,1.7917985398049487,163.83434998354556,1,1,4,2.326126098258384,1,1.235481001249996,3,4,Obesity_Type_III,51.0301218964657
58,1,1.6027733358987053,150.2357184974902,1,3,3,2.0534909916098796,0,0.2814156616511485,0,4,Obesity_Type_III,58.48291088383171
45,0,1.6083549216587534,98.59681480596723,1,2,3,1.1919115098931798,0,1.8903229143557938,1,4,Obesity_Type_III,38.11527876635097
42,0,1.9223360387237092,104.4803139249475,0,2,2,1.8040169433017228,3,1.8661881462197085,3,3,Obesity_Type_I,28.273257791727683
16,0,1.4572260326700854,63.012581861166424,0,3,4,2.914633702581104,3,0.45100620504192523,0,4,Obesity_Type_I,29.673818256360164
53,0,1.6210450835451182,97.21695719778401,0,3,1,2.991096150576505,2,1.228842596446059,2,3,Obesity_Type_III,36.99575010139775
47,1,1.7438090410446756,152.78151206009426,0,3,1,2.4609962922018367,1,0.05601063894491687,1,3,Obesity_Type_III,50.2426981375469
53,0,1.528555254912642,45.40753137811346,0,1,1,1.45502992614929,0,1.8635770861023482,1,0,Normal_Weight,19.434152525259403
40,1,1.4988123397257826,147.80815717778702,0,3,3,1.2037812920067918,2,1.0459746163834194,2,1,Obesity_Type_III,65.79666516681999
26,1,1.8820964554779969,81.95942300696882,0,1,4,1.8295287180923985,2,0.08644630283555799,1,3,Normal_Weight,23.137431111605665
58,1,1.9240343259837087,152.33860840213504,0,2,2,2.7131438047186713,0,0.6849999860162748,0,2,Obesity_Type_III,41.15137512838599
46,0,1.8865114030230403,157.55086819902706,1,1,1,2.4437284797900007,0,0.1536989237224684,0,3,Obesity_Type_III,44.269226263815035
19,1,1.9263575815607943,123.52897576224015,1,3,4,2.76778447508221,2,0.7858888787467198,2,2,Obesity_Type_II,33.28856143088989
37,0,1.743149344660937,122.71739711067741,1,1,1,2.2315526293953045,0,1.3398526843226461,1,0,Obesity_Type_III,40.38656727968126
32,0,1.8804968041248813,96.04704655130125,1,3,2,1.2606567291793846,0,0.9397798160828792,3,2,Overweight_Level_II,27.160565968295952
29,1,1.6535425983472831,144.27806829250716,1,1,4,1.2295919339963282,3,0.7674443494389089,1,0,Obesity_Type_III,52.767867535920914
53,1,1.8031219665838905,160.1632075625937,1,2,3,1.0960046052602586,1,0.2383140910809296,2,0,Obesity_Type_III,49.262057786285325
41,1,1.9740828316362573,136.66030684272903,1,1,3,2.134159941147062,2,0.48987809138731264,3,0,Obesity_Type_III,35.068052533013926
46,0,1.5696356936347375,117.36402845334536,0,2,1,1.485772473249578,0,0.20028657547670226,0,2,Obesity_Type_III,47.63621820296333
54,1,1.6566468655342728,115.45590487348844,0,3,1,2.468767282709901,2,1.6149974633133215,0,2,Obesity_Type_III,42.068426002562155
26,0,1.7044251099743453,146.03320759954147,1,2,4,2.3724998717150143,1,0.2704796559694451,3,0,Obesity_Type_III,50.268482748555726
56,1,1.5231482081206273,107.19167448718359,0,3,2,1.6362214848166339,2,1.190746733097787,3,0,Obesity_Type_III,46.20369703757737
58,1,1.49295046354648,140.28634566735167,0,3,1,1.3536033329281287,2,0.6854808271776918,2,1,Obesity_Type_III,62.9396910031198
38,0,1.8897531191504608,103.11954215195496,0,2,4,1.2048006995920024,2,0.451956769310367,1,0,Obesity_Type_I,28.875587852551206
55,0,1.9677010175986207,46.86797864671444,0,2,2,2.474630547626194,3,1.2789368789842075,0,4,Insufficient_Weight,12.104810722099113
49,0,1.664504283829719,87.37732312192355,0,1,1,1.9008819908518664,1,0.9140046187538813,1,1,Obesity_Type_II,31.537618922919478
40,0,1.4964544131831663,94.99956066660883,1,1,1,1.6470598283562778,1,0.8002909345691183,0,1,Obesity_Type_III,42.42233939082003
51,0,1.4848802331660056,56.84377286831376,0,2,4,2.7133060316126243,2,1.1857040097844431,1,1,Overweight_Level_I,25.78101690281041
20,0,1.9223986493709582,51.91453747784081,1,2,1,2.1872264331387683,2,0.9825352569800014,0,4,Insufficient_Weight,14.04759842781328
18,1,1.6958215523556703,106.46858365677622,1,2,3,2.036004672793169,1,0.6069684171031215,1,1,Obesity_Type_III,37.02211076371984
56,1,1.6196144777780677,49.72809820606635,1,2,2,2.4867583299512317,0,1.1181225755305033,2,1,Normal_Weight,18.957390227455885
58,0,1.7025244737568817,77.17109115415059,0,3,2,2.631166280470577,3,1.3389971531013891,0,2,Overweight_Level_I,26.623669520866603
44,1,1.618701170186944,132.81921897134757,1,2,3,2.372146310845439,1,0.053386317173708564,2,2,Obesity_Type_III,50.690615051163284
36,0,1.7091889609130386,160.5184546255656,1,2,4,1.8800126371987054,2,0.9317434578153507,0,0,Obesity_Type_III,54.947104481836064
55,1,1.9055648903665066,129.451693149543,1,2,3,1.758597585344375,0,0.11536656916708754,0,0,Obesity_Type_III,35.65005878044202
23,1,1.7639197266629107,164.07081910506164,1,2,3,2.543329876545404,0,0.3728108281362221,0,3,Obesity_Type_III,52.73193547116855
45,0,1.818166499589393,126.99058438120474,0,3,2,2.035814321280572,0,1.1210174681559462,1,4,Obesity_Type_III,38.41529908772812
56,0,1.6432754584041984,76.01810330244527,1,1,4,2.4087721570347527,3,1.7323778305311615,0,2,Obesity_Type_I,28.15115972421696
43,0,1.8414081156105748,123.6786201036756,1,1,1,2.7807975781611036,3,1.7656113583769697,2,0,Obesity_Type_III,36.47493489388879
52,1,1.8033070549860672,127.47175241480988,1,1,3,2.8317812694734066,1,0.13988802027726255,1,4,Obesity_Type_III,39.198964333736015
44,0,1.51336785880859,85.83760006167404,1,1,3,1.5554312784811453,1,0.8382101725734132,1,1,Obesity_Type_III,37.47904830699873
31,1,1.7535007121512598,41.231945176783015,0,1,4,1.3757799005450282,1,1.1660129660091025,0,4,Insufficient_Weight,13.409788573290582
49,0,1.5860740530441717,127.60317288171136,1,3,3,1.5225747206736757,1,0.2941398091006868,3,2,Obesity_Type_III,50.72412363572617
15,1,1.876170704905804,41.734212004718245,1,1,4,2.5027435410710055,2,1.5308644334895434,1,3,Insufficient_Weight,11.856254605443505
27,1,1.6757469854874778,118.52969783556897,1,3,1,1.7401160720923203,3,1.4884705168744776,0,2,Obesity_Type_III,42.20950738375376
26,0,1.977182607554138,59.61567758156194,1,3,4,1.3467785616826595,0,1.8066820274135893,2,0,Insufficient_Weight,15.249897387362978
42,1,1.4990252321076507,110.26604449625346,1,1,1,1.1967709850139385,2,0.016972024166886035,3,0,Obesity_Type_III,49.07088713161052
25,1,1.863584367252284,102.49304119795559,1,1,4,1.6546263776593757,1,0.4333684879780053,1,4,Obesity_Type_I,29.511838283884074
52,0,1.807061918777343,40.702718930579,0,1,3,1.2722728807010226,1,1.6543734284906435,3,2,Insufficient_Weight,12.464571501290528
15,1,1.8567743802130738,84.72109294138303,1,2,1,1.312747225066614,2,1.3411601016538708,1,0,Normal_Weight,24.57385433222803
45,0,1.6129907916099417,114.73748709193414,0,3,3,2.36776794689254,0,1.7887797073969816,3,1,Obesity_Type_III,44.10030142702677
26,0,1.7107888793726722,145.92442553924624,0,1,1,1.0394641913368106,3,0.11435930906053304,3,1,Obesity_Type_III,49.85803466235631
59,0,1.8721495154535654,150.96890634340116,1,2,4,1.235106523250876,3,1.1939279314328857,2,3,Obesity_Type_III,43.0731317260039
40,0,1.573246905759053,99.96509622418614,0,3,4,2.688730982426193,0,1.1380931497873483,3,4,Obesity_Type_III,40.38821094221054
54,1,1.5697975942979856,130.78123339972922,1,2,4,2.689828170036506,3,0.07134883272106474,2,0,Obesity_Type_III,53.07110258913791
30,1,1.742057005246314,78.87327664321566,0,2,2,1.658486957527154,1,1.027044153824967,0,3,Overweight_Level_I,25.989932917846662
53,1,1.7274886971508234,82.11548712559085,1,1,2,1.175906016737458,1,1.2190406226198485,1,1,Obesity_Type_I,27.516592009139
44,0,1.5995991093188544,63.50240341697153,0,3,1,2.4099406676144115,1,0.38258634840421446,2,3,Normal_Weight,24.81806143865374
47,1,1.607980094778156,109.80546185914815,0,2,2,1.7202633755477488,1,0.5466591662493259,1,3,Obesity_Type_III,42.4680780041608
37,1,1.5972579364994797,78.63508301684803,1,3,4,1.0909292544098517,0,1.280694692595474,2,0,Obesity_Type_II,30.822384946748926
58,0,1.8589013928591984,49.63073295125163,0,1,2,1.315653962599597,3,0.9366018951999167,1,0,Insufficient_Weight,14.362762637665467
48,0,1.7955074587481041,125.31076691956052,0,3,2,1.2744296239280486,3,1.7160273151366536,2,0,Obesity_Type_III,38.86994810288888
19,1,1.891181107207434,128.17690415828017,0,2,3,2.178232687655324,2,0.6847635320183767,1,4,Obesity_Type_III,35.837981143303814
32,0,1.9670007050064315,84.35904476616129,0,2,1,2.7962351672071226,0,0.5333193167764023,0,3,Normal_Weight,21.803319668983008
43,0,1.7013070770241527,48.667148331458876,0,3,1,2.5861440666469147,3,1.9697318806896855,1,3,Insufficient_Weight,16.813978285683614
20,0,1.4853477571448879,92.71351239283166,1,2,1,2.09303209003446,3,1.8222715402601668,0,4,Obesity_Type_III,42.022970155001694
23,0,1.4754889245183787,94.73426771432715,0,2,2,1.8443103298549601,2,0.057985489997959716,0,1,Obesity_Type_III,43.51461993070185
54,1,1.6067024708139581,123.25253149713451,0,2,4,2.23735341813773,1,1.5414572306131318,0,2,Obesity_Type_III,47.74467318993809
45,0,1.944248632356799,78.74246529859411,1,1,3,1.8876254819601617,3,0.22066954765040592,3,1,Normal_Weight,20.83077382349014
47,0,1.7273029191345637,125.00750925244448,1,1,1,1.4921982451526319,1,0.0549703896587419,1,4,Obesity_Type_III,41.89855913241534
41,0,1.5940468535224683,148.80755626143093,1,2,2,2.3583949107045594,2,0.5473910319326978,3,3,Obesity_Type_III,58.562933083592796
28,0,1.6615584010908404,68.92324133763718,0,3,4,2.746487891482642,3,0.5386917581222086,3,3,Normal_Weight,24.965166801980043
43,0,1.7672554069244755,162.34386407110736,0,1,3,1.745740661361721,1,1.6386375246939293,1,0,Obesity_Type_III,51.980115552554544
50,0,1.7960633188130564,87.68238527923768,0,3,3,2.6830769353826738,0,1.4213344918856703,0,0,Overweight_Level_I,27.18122772203789
42,0,1.5315773401849397,72.67459432852978,0,2,1,1.862164092966981,1,1.9632188546640286,3,3,Obesity_Type_II,30.98166485269778
35,0,1.967826788568943,92.1104089962966,1,2,1,1.802671886198852,1,1.423025800623637,3,3,Normal_Weight,23.786742642671033
17,1,1.738729280300878,50.89408196388625,1,3,4,1.0566487150940553,1,0.8365111065120958,2,0,Insufficient_Weight,16.834621229928203
33,0,1.521914808429908,54.83894422052657,0,1,2,2.3905578027348207,1,1.3978553218904337,1,0,Normal_Weight,23.67600371265495
45,1,1.9236266842734508,91.21868991800976,0,3,4,2.615005050227646,0,1.9989181343728042,3,1,Normal_Weight,24.651437239413298
49,0,1.4895583684720972,135.0680097643266,0,3,1,2.327113839117122,2,1.4202837651250562,1,3,Obesity_Type_III,60.87478621749125
17,0,1.9310997795840816,152.43934218638586,0,2,4,1.302721902783887,1,1.5233627119606366,1,3,Obesity_Type_III,40.877811574853546
40,0,1.9781797978331608,122.76706683025013,1,1,2,1.2065869351052863,1,1.8767300303805188,3,4,Obesity_Type_II,31.372588645488662
30,0,1.821228853552947,52.25766396000938,1,3,3,2.145717503237079,3,0.2273025226233667,1,1,Insufficient_Weight,15.755092143779887
25,1,1.8583370271692146,123.67449003474742,0,1,3,1.8030325083692038,3,1.4095685868954537,0,2,Obesity_Type_III,35.81221373102404
35,0,1.6287705033277677,119.06391800857446,1,2,3,1.8581955669711792,0,1.701611915934898,3,2,Obesity_Type_III,44.88077814959928
30,0,1.9490357319489848,140.52625370495974,0,1,3,2.9356004934860156,0,1.908757200441786,3,2,Obesity_Type_III,36.99285636386713
23,1,1.7307484020374349,142.9813319981748,0,2,1,2.447845342386131,0,0.42193857942339874,3,0,Obesity_Type_III,47.73220091239553
14,1,1.8381658766967042,148.39358754815134,1,1,1,1.8235754784155134,3,1.0078580154484884,2,2,Obesity_Type_III,43.91832164394327
35,0,1.9397770894329782,91.1805708369664,0,3,2,1.0381985596834298,1,1.3611096952889636,2,4,Normal_Weight,24.232524225063564
39,1,1.9668453872670195,126.93091381437019,1,2,2,1.0681913957065405,3,0.4949354590026749,2,0,Obesity_Type_II,32.8115663790982
31,1,1.8915983089962374,72.79954522421116,0,3,2,2.369607391291712,2,1.200945726500548,2,0,Normal_Weight,20.34561546882028
27,1,1.610599278700476,164.91637127792154,1,2,2,2.6754775190355278,0,0.5151575649959987,3,2,Obesity_Type_III,63.57535146247772
60,0,1.9622701837726035,61.09211441348435,0,1,4,2.4154052590993675,0,0.6669140410632945,0,0,Insufficient_Weight,15.866003532069668
42,0,1.782903351559093,40.274418389265314,1,1,2,1.8117755052094509,0,0.8830373930217301,1,1,Insufficient_Weight,12.669914222541381
25,0,1.9432405124665386,57.74989802929018,0,2,3,1.0622714758611391,2,1.058380197493134,1,1,Insufficient_Weight,15.293190898806555
49,1,1.8083356636816064,136.75990848255998,0,2,3,2.9348032604704595,1,0.8987317432503013,3,2,Obesity_Type_III,41.82160603295241
48,0,1.6128366497792919,95.29474324003465,1,2,3,2.9726721243161736,1,0.9863910395758584,0,4,Obesity_Type_III,36.634323559024786
25,1,1.6461129977956923,95.38503122411396,0,1,4,2.0987291028885373,1,0.5971775125765852,1,0,Obesity_Type_III,35.2014811929979
20,0,1.7417500418645584,159.33288787107023,1,2,2,1.1413419293902112,0,0.3179301880452612,0,3,Obesity_Type_III,52.52109456331869
42,0,1.8687078660267376,154.87399841153734,1,2,3,2.0819450118289335,1,0.09469995465367886,3,2,Obesity_Type_III,44.350210286313704
24,1,1.6185307522103776,78.21053696330516,0,3,3,2.7846769404416167,3,0.3919574449833354,2,0,Obesity_Type_I,29.855431794982266
46,0,1.7572575180511218,65.34132422638913,0,2,3,2.359971020256427,0,1.163887283011566,0,2,Normal_Weight,21.160070567482446
19,1,1.6331812465954927,145.90875845165118,0,3,3,2.4399784620654486,2,1.5722308956062647,1,2,Obesity_Type_III,54.70318249717758
60,1,1.8823577844566068,153.15840295158978,0,3,1,1.1699396748644986,2,0.33849519488578905,1,4,Obesity_Type_III,43.22514714676577
28,0,1.6973658896970136,107.24121227260935,1,3,2,1.2130232740636029,1,0.21711071554529693,1,3,Obesity_Type_III,37.22294871940443
45,1,1.490663098232029,118.30738760075467,0,1,2,1.2546975527517705,0,1.4985807210985005,2,0,Obesity_Type_III,53.24181641297842
24,0,1.5380078363852143,71.37119987122897,0,3,4,2.8087536673219855,3,0.6103166610745794,0,2,Obesity_Type_II,30.172125224151603
36,0,1.482385473838405,139.9011386852941,0,2,1,2.0516992725276264,3,1.902998878454705,0,2,Obesity_Type_III,63.66473682078907
39,1,1.7146305613875923,118.64742598457691,1,1,4,2.5831501927859826,0,1.428635941220746,1,0,Obesity_Type_III,40.356844389051815
47,0,1.5063587675945604,102.44270242354757,0,1,3,1.2305825197672005,1,0.6535120944860617,0,2,Obesity_Type_III,45.14651043124586
59,1,1.510494183734105,46.57367806587787,1,1,4,2.85528541101719,2,0.5790854955874098,1,2,Normal_Weight,20.412792560484732
47,0,1.9487555778203398,154.40780527640538,0,1,3,2.6422841829944206,2,1.047396772542618,0,2,Obesity_Type_III,40.65879538966148
42,0,1.9125071882533093,116.54687896843517,1,1,3,1.4495282895507122,3,0.15828933655641886,2,1,Obesity_Type_II,31.863574625310612
17,0,1.689605896310024,63.279077931313964,0,1,2,2.748364466587907,3,0.23535302529059798,2,1,Normal_Weight,22.166101080934713
30,0,1.972476820050609,115.40465073986465,0,1,2,1.5268855187936186,3,0.351715762632385,3,3,Obesity_Type_I,29.66193607135249
48,0,1.4500988599304514,124.36038263423664,1,3,2,1.410679758678113,2,1.5494471866091204,3,4,Obesity_Type_III,59.14074995005905
26,1,1.7754091118248987,105.24706242208642,0,2,2,1.5284878736244247,3,1.027714718538245,3,0,Obesity_Type_II,33.389744364760816
54,1,1.7767069340070911,129.48081898245883,0,2,2,2.819910126545219,2,0.021134245548885877,0,4,Obesity_Type_III,41.017939779793956
52,1,1.6924448196110407,112.26319743900666,0,3,1,2.831183971029739,2,1.347033054944218,2,4,Obesity_Type_III,39.19298774672434
28,1,1.6603824256551751,158.41896733605068,1,3,2,1.6579915493759376,1,0.8473803573209941,2,1,Obesity_Type_III,57.46334751431396
42,1,1.6913530618047221,45.76583190351266,0,1,4,2.4108683701891023,1,1.0217047299275959,2,3,Insufficient_Weight,15.998262308373217
42,1,1.6699290311222306,52.38695926716462,1,1,3,2.3514905103283663,1,0.4282324868258711,1,4,Normal_Weight,18.785690436530327
24,0,1.8371610130656186,60.88262625624682,1,3,2,2.6131252642608063,3,1.1035644567882072,0,4,Insufficient_Weight,18.0384383706072
45,0,1.5217383805358404,125.96155489614586,1,1,1,1.5930190002842621,2,1.9583064795029772,0,2,Obesity_Type_III,54.39488017388782
15,1,1.554748786913299,120.3450799664759,0,2,4,2.0202770838208037,3,0.1468893820115229,3,0,Obesity_Type_III,49.786074720309664
60,1,1.5456746610479846,151.39941638642145,1,2,4,2.335347902016574,2,0.5678347993288613,1,3,Obesity_Type_III,63.37063022890044
27,0,1.5891094101142702,131.3425590633712,1,1,3,1.052513637619812,1,0.48599518572165956,1,0,Obesity_Type_III,52.01131988958703
33,0,1.7283869619542391,103.05279143313862,0,1,4,1.7534774906619093,1,0.4970986215023592,2,1,Obesity_Type_II,34.49671947574581
35,0,1.5089406360892559,163.97080585041743,1,1,4,2.391776715357138,3,0.7574127151307546,3,4,Obesity_Type_III,72.01487685432453
24,1,1.910129726523047,72.5296024773317,1,2,4,1.5051901862382668,2,1.636219569488335,0,4,Normal_Weight,19.87877281631731
40,1,1.6076016115934904,143.9821491329672,0,1,4,2.9154082140129747,3,1.8257173799287747,1,0,Obesity_Type_III,55.712389528441754
16,1,1.536145133358415,92.77558689643384,0,3,1,1.060322743013678,0,0.40443017491794664,2,1,Obesity_Type_III,39.315989620216726
30,0,1.808079294087069,120.7406274983425,1,1,3,2.9161743751748457,3,1.0858998758962255,0,2,Obesity_Type_III,36.93333141646028
57,0,1.4701857393176392,130.63582727700668,0,3,2,1.4335277360208,1,1.2737979443309606,2,2,Obesity_Type_III,60.43908603035531
41,1,1.778583339383307,118.85301498598238,0,1,4,1.09764408385074,2,1.0436549487276898,0,4,Obesity_Type_III,37.57177937768691
42,1,1.8200451682585448,56.703920191682755,0,1,1,1.584948066447115,2,0.8681527883938391,2,4,Insufficient_Weight,17.117831714744135
34,0,1.5639057616349612,94.81182735423953,1,2,3,2.5725646145804504,3,0.3839510117184757,0,3,Obesity_Type_III,38.7651400865527
60,0,1.4722409589251262,109.74123561957367,1,3,2,2.504884012896106,1,0.9764387183984771,3,0,Obesity_Type_III,50.6304810601956
29,0,1.6427320402273082,145.97951365650317,0,3,3,1.417680832845584,0,0.8024296554226578,0,4,Obesity_Type_III,54.0951658732208
50,0,1.5022549420282263,94.89936434862011,1,3,1,1.3935802671835988,3,1.5911267250045393,0,1,Obesity_Type_III,42.05097023513187
33,1,1.5117332603268685,154.7621604053357,0,2,1,2.2851598316090813,2,1.5272087183259904,0,0,Obesity_Type_III,67.71960980191507
19,0,1.584758452665778,94.48715210117655,0,3,1,1.916165379351461,1,0.2679973624113414,2,3,Obesity_Type_III,37.622409447792556
32,0,1.6065980000521825,108.14626226713946,0,2,4,2.5845799066618045,2,0.17703810512613516,1,2,Obesity_Type_III,41.89836443979393
18,0,1.730884280741353,139.33199605079292,0,1,1,1.0482655573851072,2,1.816307886455006,0,3,Obesity_Type_III,46.50662150326584
16,1,1.8095476993165969,112.46652823719009,0,1,2,2.220823721521142,2,1.0710167779289954,0,0,Obesity_Type_II,34.34655773867662
14,1,1.764168598661198,159.9874771202359,1,3,4,2.461344024479752,2,1.7156018745651813,3,2,Obesity_Type_III,51.40505342000728
51,0,1.5286309787634438,122.20231464478007,1,1,3,2.986772224057338,0,0.1163022411328023,0,1,Obesity_Type_III,52.296679969973454
28,0,1.541205597199892,104.86139121251773,1,1,2,2.357563388473694,1,1.0530312330432605,3,2,Obesity_Type_III,44.14631523502683
47,0,1.9157477023902447,41.97258794038028,1,3,4,1.4636903130999326,3,1.0788530291524727,0,2,Insufficient_Weight,11.436394315209375
48,1,1.7459267269839802,91.13034509512156,0,1,1,1.2163723897600776,1,1.7214040650842999,2,1,Obesity_Type_I,29.895855678116387
38,1,1.9110670514357753,76.70530082678022,0,3,3,2.2818335492881507,1,0.195219996459415,1,4,Normal_Weight,21.002622558903035
37,1,1.6469196509995334,133.26131415382366,1,3,1,2.0463661350364317,1,0.4808911273518186,1,4,Obesity_Type_III,49.13141460079696
25,0,1.7756320039386015,65.24298706934677,1,1,2,2.798290576890033,3,0.8130766277740262,1,2,Normal_Weight,20.693212052841336
31,1,1.7275416105089436,64.85773099905305,0,1,2,2.45321604236255,1,1.7316829508398843,2,2,Normal_Weight,21.732251256691907
28,0,1.6191354496048451,62.87939944790948,0,1,4,2.0194849000852413,3,1.877766630141134,3,3,Normal_Weight,23.98512699954693
57,0,1.6990551471778055,54.82756725768573,0,1,2,1.8071789415302952,3,1.9854492391872558,1,4,Normal_Weight,18.992582687306918
29,0,1.716320164718274,78.18688246253181,1,1,3,1.8087493991416406,0,1.918386972917043,2,1,Overweight_Level_II,26.542222591231123
40,1,1.5564086166210396,150.62618641987154,0,2,4,1.452608572302469,2,0.011883511688708825,2,2,Obesity_Type_III,62.18035937046599
21,0,1.6169554973596676,136.64098751055033,0,1,3,1.0346519435113941,3,0.09541668290774408,0,2,Obesity_Type_III,52.26185944648883
59,1,1.869447167768697,131.64165325465598,1,2,1,2.1498211764142123,2,0.29521363831517733,3,3,Obesity_Type_III,37.66751202769308
38,1,1.9353677669106872,139.4644375118953,1,3,3,1.4248294650464304,1,0.6977241935405463,2,3,Obesity_Type_III,37.23372374331812
30,0,1.6406908695790086,72.94665405552604,1,1,3,1.416653835456083,2,1.6598360619739174,3,3,Overweight_Level_I,27.098911946624487
42,0,1.6126953095707797,150.81765303481347,0,1,2,1.250762457352961,2,1.785312390670961,1,0,Obesity_Type_III,57.98925542850372
21,1,1.5534544972230977,56.30022526784215,0,1,1,1.3791909803533855,2,0.37366881258916607,1,1,Normal_Weight,23.329909770144734
28,0,1.809600319384808,81.37956156616332,1,3,2,1.0635782991102753,1,1.2393283032394173,1,0,Normal_Weight,24.85135179671981
40,1,1.6212428418831588,112.93026298988521,0,2,1,2.348462899497064,1,1.834723970130553,0,2,Obesity_Type_III,42.96493868231199
59,0,1.97350725572257,51.966041131092084,0,2,1,1.8027942326253885,3,0.9274634718626416,0,3,Insufficient_Weight,13.342652578642912
20,1,1.622612945093895,130.99640365982953,0,1,3,2.1230491975462904,3,0.20708714390556793,3,3,Obesity_Type_III,49.75417163071409
16,1,1.6588921047947929,87.79300207363784,1,1,2,2.2739152360415993,0,0.9156273001692499,3,3,Obesity_Type_II,31.90241935690781
42,1,1.7697671239923785,137.8351138666584,1,1,3,2.944969124552318,1,0.7515898045761145,0,4,Obesity_Type_III,44.007593765257646
57,1,1.8748926753913917,101.10493198365995,0,1,3,1.136531731711002,0,1.155315992132014,2,1,Obesity_Type_I,28.762028779496745
37,0,1.6988448926331858,61.790190077592385,0,3,3,1.835835369662876,1,0.8773173688142073,3,0,Normal_Weight,21.4097735319537
16,0,1.674007697908148,131.57998823077338,0,1,1,1.491795867052962,2,0.03469185370743588,3,1,Obesity_Type_III,46.95425364773446
33,1,1.9776880518052484,70.77013843570688,0,3,2,1.9534238637136283,0,1.9879954668273423,1,3,Insufficient_Weight,18.093994985824207
59,1,1.4555616298041705,100.8420979597734,1,1,2,2.8409446012277764,0,1.0870804754611418,3,2,Obesity_Type_III,47.597119986434755
28,0,1.9243846030911602,48.51719191377036,1,2,3,2.4479685304963024,0,0.9472615109692191,3,4,Insufficient_Weight,13.101225136906407
38,0,1.5290446377480609,116.85119845591663,0,2,1,2.323899172959787,1,1.909234743008108,2,1,Obesity_Type_III,49.97960769284472
43,0,1.866540396390724,122.89807854325093,0,1,2,1.8824917528623548,3,0.3117207351741542,3,2,Obesity_Type_III,35.275266694537585
27,0,1.7775037267185378,86.71295045657072,1,1,4,2.3422249967488717,0,0.3784752050904965,2,3,Overweight_Level_II,27.444980319882536
20,0,1.6311790613139887,159.2572703204553,0,3,2,1.0647507545488162,3,1.616029498125567,1,3,Obesity_Type_III,59.85438760018109
30,0,1.9131537264261396,149.14528410674063,1,1,3,2.172477344059789,1,0.5216621600500175,0,3,Obesity_Type_III,40.74832766294194
57,1,1.4568408308299257,128.20055538323933,0,1,4,2.1075531251984962,0,1.5984542125830539,1,3,Obesity_Type_III,60.40399970668418
33,0,1.5701460455997096,128.9201613862116,1,1,1,1.6932808639263857,1,0.5430669658170051,2,4,Obesity_Type_III,52.29266085276435
49,0,1.750453182012254,70.80261608271105,0,2,4,1.4030282508482168,3,0.06637526045000297,2,4,Normal_Weight,23.107252267201083
22,1,1.63631739782634,121.75871911714457,0,3,4,2.615111101998602,3,1.034029447773432,3,1,Obesity_Type_III,45.474190292554844
51,0,1.7735000725187136,63.973989419675476,1,2,3,1.107724228910193,0,0.39337286825372275,3,3,Normal_Weight,20.339534678379927
35,0,1.4627784025065933,57.14440621389758,1,3,2,1.1393457288471756,3,1.5156925858649422,0,4,Overweight_Level_I,26.706479691470534
15,0,1.5117232331553077,164.9329546695251,0,2,1,1.8810434879682931,2,1.2823992664642963,2,2,Obesity_Type_III,72.17102342181389
37,0,1.5173610073157728,117.41936736561995,0,1,4,1.5051090948172101,2,1.8472053359558356,2,4,Obesity_Type_III,50.999027796143224
21,0,1.550320332335485,93.304471954806,1,2,3,2.490904827014041,0,1.5659767145314718,1,4,Obesity_Type_III,38.82036136465218
24,1,1.6934456636242876,75.30872988337786,1,2,2,2.268380153842382,1,0.3615519096814537,0,1,Overweight_Level_II,26.260487886480902
26,0,1.8486282107580927,115.09397590144066,0,3,4,2.545069592253263,1,1.6003164733295927,1,4,Obesity_Type_II,33.67855429518345
30,1,1.9299355841023176,45.248782035730855,0,3,3,1.6493579126756022,1,1.2834740896280465,3,2,Insufficient_Weight,12.14846107113206
21,1,1.8927474410506504,50.92980480360418,1,2,3,2.4810378792357346,2,1.3379032835212499,3,3,Insufficient_Weight,14.21630316432118
34,0,1.5543505720411122,43.13994391528994,1,3,3,2.724606472052798,3,1.6645257719402975,1,0,Insufficient_Weight,17.855894918180155
31,1,1.683809792682235,101.89539899109538,1,3,1,1.6905489888371434,2,1.1476481383778805,3,1,Obesity_Type_III,35.939208832814685
43,0,1.5556881468120236,114.676435277585,1,3,2,1.6797916423236667,3,0.9320070287060258,1,2,Obesity_Type_III,47.383714072095025
31,1,1.590170062833611,46.87244993108543,1,3,4,2.7999028078128525,2,1.273282070717456,2,1,Normal_Weight,18.536618328109974
59,1,1.7168799002012995,129.8742829048635,0,3,2,1.0995805063754183,1,0.5959148579167182,2,3,Obesity_Type_III,44.05988203383293
60,0,1.486097783103467,68.02977901083511,0,2,2,1.7003788114616887,1,0.3651942621741986,3,4,Obesity_Type_II,30.80379947319958
44,0,1.5656323946844348,125.33538317500313,1,3,4,1.2373449841436082,1,1.2331756761424928,0,4,Obesity_Type_III,51.13215485547148
51,0,1.945750425492772,162.71903964444095,0,1,2,1.0579611804999525,0,0.46769673817095536,2,2,Obesity_Type_III,42.97977169547225
45,0,1.6970416351089992,126.07933962678524,0,2,1,1.2257388352936442,0,0.15983021869321345,3,3,Obesity_Type_III,43.778303789609915
24,0,1.6860548587682722,150.28232466837466,1,2,4,1.862491582360554,3,0.001108369170507828,0,0,Obesity_Type_III,52.864545445973576
58,1,1.4577205920181777,158.4730118496265,0,2,4,2.3739121384555815,0,1.2166388028001343,3,0,Obesity_Type_III,74.57731345891426
38,1,1.5811218659409232,100.33063209239177,0,3,3,1.578564848883926,2,0.7242975669604736,1,4,Obesity_Type_III,40.133114014015426
46,1,1.9091349910705562,127.49294740688306,0,1,2,2.6993506148022495,2,1.504621941346912,3,3,Obesity_Type_II,34.97944272350151
51,1,1.5372530669770943,146.34812594803606,1,3,4,1.8752312574767,3,0.7503527966262049,1,3,Obesity_Type_III,61.92933679021065
54,1,1.6700162179534022,83.93272302217265,1,2,4,2.936456101923487,3,0.9720068964764534,2,2,Obesity_Type_II,30.094694268683142
21,1,1.4575953801095107,71.93606188660976,0,2,1,2.9083113388874002,1,0.8141699456307698,2,0,Obesity_Type_II,33.858888138038715
24,1,1.7035178052853945,158.27142017007066,0,2,3,2.54655244533363,0,1.3011495822186923,3,2,Obesity_Type_III,54.539247925156495
35,0,1.4611411865648951,130.51424104647106,0,2,4,2.8648109922932363,1,0.7122783240299364,0,1,Obesity_Type_III,61.13269427170353
37,0,1.884393063124874,66.67994880535412,0,3,1,2.414192152322223,0,1.9275352998846178,3,3,Normal_Weight,18.778126658582607
54,1,1.887172496768165,95.5845074771903,0,1,4,2.7911663799823625,0,1.8722939731970603,3,0,Overweight_Level_I,26.838875112557666
30,1,1.867503359800256,139.35292296176397,0,1,4,1.472947434732613,3,1.6960558053145627,2,2,Obesity_Type_III,39.95703912912211
25,0,1.6001829565122927,107.92993685572371,1,2,4,1.6908404003535973,1,1.8406005411454962,2,4,Obesity_Type_III,42.15049139950918
59,0,1.8937357256575635,120.89396436890202,0,1,1,2.5058601320097234,1,0.898279376918782,3,1,Obesity_Type_II,33.71055282629987
45,0,1.7377890102807927,133.97479345767658,0,2,2,1.8491224764131142,0,1.0728607935789842,2,2,Obesity_Type_III,44.363827026686685
28,0,1.6481182976995112,117.37315778993155,1,2,4,2.6746548676490356,0,1.484185185116489,1,4,Obesity_Type_III,43.21077214322277
29,1,1.7814248786432434,107.04999456219667,0,1,4,2.75527774317555,3,1.3922918498770822,3,0,Obesity_Type_II,33.73274032861631
35,0,1.4565407544119982,133.45139983285947,0,2,2,1.5994589694418497,2,1.7813571912109416,2,0,Obesity_Type_III,62.903940524622925
41,1,1.5257692651283985,130.6729424644573,0,1,4,2.646901616379147,1,1.4326620545133906,3,1,Obesity_Type_III,56.13166776111054
33,1,1.8434155752302392,118.36392242308054,0,2,3,1.3085285421303001,1,1.995769416456921,2,4,Obesity_Type_II,34.831553414949646
46,1,1.579405652619561,84.33346608612314,1,1,4,1.668393423073698,3,0.697011599663182,1,3,Obesity_Type_II,33.807462431566044
23,0,1.7669448321842371,90.13232361723422,0,2,3,2.0359299022427777,3,1.6659954844788358,1,0,Obesity_Type_I,28.869189224593974
53,0,1.6541043794962056,161.2752571593963,1,1,2,1.4528875242077843,1,1.3952696456653284,3,3,Obesity_Type_III,58.94431431834394
45,1,1.9030470627636085,53.16062746873226,0,2,1,2.158535659150399,1,1.3827728904300371,1,3,Insufficient_Weight,14.678816492066408
46,1,1.9547801121782211,72.83161957385725,0,2,2,2.157390157435293,0,0.6516711896899978,1,2,Normal_Weight,19.060054748811165
15,1,1.918289306036201,101.0426216597463,1,2,4,1.4138057897018115,2,1.571203584846045,2,2,Overweight_Level_I,27.458473794890725
46,0,1.593428597187606,144.42794045411702,0,1,3,2.5912826897709134,1,1.8007520446951983,3,0,Obesity_Type_III,56.88345986194838
46,1,1.5529063205944236,59.62313362994571,1,3,1,2.2632889788229935,3,0.4370969230411259,2,3,Normal_Weight,24.724315815834576
54,0,1.7014504936189896,73.89628188370085,1,2,4,1.6355210136499085,0,1.2509936742334082,2,2,Overweight_Level_II,25.526069831765483
26,1,1.4538870999431754,47.29057544220011,1,2,1,1.4643695669405838,0,0.7842696582055504,0,4,Normal_Weight,22.372433833371577
43,1,1.4636789782174864,127.95414352240313,0,1,1,2.7575002776689868,3,1.9790962385897541,1,4,Obesity_Type_III,59.725897323937346
46,1,1.74324403900019,69.01438886992763,0,2,4,2.6714844904493056,3,0.9576656316633632,2,4,Normal_Weight,22.710320799412017
26,0,1.7258381842076016,87.97301858453976,0,2,2,1.4595213497110526,0,0.4566403475938854,2,4,Obesity_Type_I,29.535841375356767
39,0,1.9771284541886878,94.90638232573815,0,2,4,1.0712104530330175,3,0.7637152504436651,2,3,Normal_Weight,24.278712164177016
35,1,1.5569761727427918,151.3055558864134,1,2,4,2.6090651914862475,0,1.3076767796332525,1,4,Obesity_Type_III,62.41528281338242
52,0,1.5867950824550483,90.82761658173584,0,3,2,2.231017110530086,3,0.15217874269915255,1,3,Obesity_Type_III,36.07249867647252
15,1,1.510176540432932,57.298352509321376,0,3,3,1.2017640561069194,0,1.2072038404424752,1,0,Overweight_Level_I,25.123879161955507
51,0,1.9362977951164846,105.06368223085525,1,2,4,2.1747164124377902,1,1.862449518357796,3,0,Obesity_Type_I,28.022592788313723
52,0,1.8622399595629788,160.3327073257273,1,2,1,1.9043653707233885,1,1.700725575315701,2,4,Obesity_Type_III,46.232868846441455
39,0,1.8858397290721292,115.56839077240218,0,2,4,2.549100654947383,3,0.13534707331596674,1,4,Obesity_Type_II,32.49596994609967
59,1,1.9284648076211897,162.90678977803213,1,3,4,1.41816968431746,2,1.9867797574781363,2,4,Obesity_Type_III,43.80419966475939
28,0,1.7281969929646943,144.97952092629762,1,3,1,1.906313488610053,1,1.3974538474077582,3,0,Obesity_Type_III,48.54227989343152
47,0,1.6891323914688836,43.53168528289001,1,1,2,1.3124882285038335,0,0.3245616486280474,0,2,Insufficient_Weight,15.257314565264378
55,1,1.6251074810427768,121.95834901750727,1,1,3,2.9150544556216933,2,0.02483217833884699,3,0,Obesity_Type_III,46.1793012774642
57,1,1.7622837456043634,75.13262657229333,1,2,3,2.5574763138503283,0,0.3425652725843027,1,4,Normal_Weight,24.19228558449615
53,1,1.690767550298606,109.5117238112352,0,2,1,2.473444853002793,0,1.676351841371477,1,2,Obesity_Type_III,38.30829357165471
24,1,1.6893297609009548,74.19749405733455,0,3,2,2.3804133300416037,1,0.04327864989032748,3,2,Overweight_Level_I,25.999223146979013
16,0,1.9465717677775036,82.9576724922666,0,2,4,1.8466728849327634,3,0.4662946072361731,2,1,Normal_Weight,21.893526349317963
19,0,1.971536702567939,155.3192576810266,0,2,4,2.8465648314062895,3,1.5146111906697508,1,3,Obesity_Type_III,39.95908853555193
22,0,1.8721367263446778,65.03704129635487,0,3,4,1.1458340238540108,0,1.1722210717962702,1,4,Normal_Weight,18.556054941813244
19,0,1.8510817878308718,149.13774887125464,0,3,4,2.6065181433579037,1,1.5654714207203837,3,3,Obesity_Type_III,43.52475824299908
22,0,1.8106958257429238,42.837683816882596,0,3,4,1.4304654642114654,0,1.4923010076535759,2,1,Insufficient_Weight,13.06576913591052
52,1,1.5380196717367622,50.450443834575694,1,3,1,1.648055911267696,2,0.10120277424360946,3,3,Normal_Weight,21.327561882656738
44,0,1.4813260850640968,146.6890552144172,0,1,4,2.038859457934617,0,1.785022838188303,3,4,Obesity_Type_III,66.84922402195258
45,0,1.8160849470100295,118.4500598945586,0,3,4,2.5653100221111593,1,0.4540636685645374,2,1,Obesity_Type_III,35.91393293036742
54,0,1.836256697795985,133.15175339298332,0,3,2,2.6770698153074735,0,1.1067848804595275,2,3,Obesity_Type_III,39.4893607943451
25,1,1.474895685282014,65.38662652355364,1,2,4,2.16746450032025,1,1.2885763130555576,0,0,Obesity_Type_II,30.058431958718515
21,1,1.9418674276212895,106.67251540435304,0,2,3,1.8060709778693704,3,0.3372564217701908,3,2,Obesity_Type_I,28.28872553444427
21,0,1.498304538905679,131.88962216998442,0,2,1,2.89300484280642,1,1.9524625134019489,2,1,Obesity_Type_III,58.750346696991876
41,1,1.6015272828987372,118.04158126329308,1,1,1,1.4930425916787367,2,0.976311912174618,1,0,Obesity_Type_III,46.02208980865376
33,1,1.8063666007833135,98.4340446282924,0,3,1,2.6061891517612708,1,0.11528539119478687,0,4,Obesity_Type_II,30.167098489100777
60,1,1.5400324750343724,159.93275709115207,0,3,3,2.2240992428963064,2,1.8745240895556807,3,2,Obesity_Type_III,67.43380506047055
20,1,1.4793704208743894,124.19582401513411,1,1,4,1.7537900337704275,2,1.1725356863865362,2,1,Obesity_Type_III,56.74833597622571
24,1,1.6255076392569994,153.37660083039597,0,3,1,1.0027359687270736,0,1.3983863959627527,0,2,Obesity_Type_III,58.04717369689635
33,1,1.855964934673245,130.95108445828384,1,2,3,1.8931986026972536,2,1.0503515798684482,0,1,Obesity_Type_III,38.016275472119396
29,1,1.669249699862188,131.6684046033081,0,1,2,1.5534399950845985,1,1.669475909553935,1,1,Obesity_Type_III,47.2540416459015
17,0,1.796075648611208,49.082301989467595,0,3,4,1.2086932266511212,3,0.06626692438642179,0,3,Insufficient_Weight,15.215130225646277
19,0,1.7571981215309123,84.29254235359689,0,1,3,1.1503171306761697,1,0.5367567305542955,3,2,Overweight_Level_I,27.299059944363826
35,1,1.4617757954735575,147.15454524667695,1,1,4,1.695116654623204,3,0.9392967128053844,2,2,Obesity_Type_III,68.86715596021192
39,0,1.9739261931342247,68.30808663074325,1,3,2,2.229514777481297,2,0.1532072326274201,0,0,Insufficient_Weight,17.531145757857868
16,0,1.4719568870742754,53.553739135714736,1,2,3,2.6750386307295475,0,1.4118133386533165,0,4,Normal_Weight,24.71721976411987
54,1,1.962935450953697,80.08936313648798,0,3,4,1.3671264898946538,2,0.7873268281112815,3,0,Normal_Weight,20.785611378065596
55,0,1.7414280145331311,66.77517349646936,0,3,3,1.8492879426180993,2,0.5453359805362881,1,3,Normal_Weight,22.019323481829147
27,1,1.9604742843444853,155.58631254393754,1,2,1,1.7839122802843044,3,0.006757693616824545,1,1,Obesity_Type_III,40.48080012279679
24,1,1.5108194076893326,148.3637968922685,1,3,4,2.0267880184170313,1,1.4396606234999074,2,3,Obesity_Type_III,64.99842437616086
31,1,1.709916515168322,101.96008701564593,0,3,3,2.6191745416191057,0,1.6676186177457235,3,3,Obesity_Type_II,34.87228324663998
25,0,1.539837168689011,46.72932818496737,0,3,1,2.1072904359984697,0,0.7900810713629969,1,0,Normal_Weight,19.707881416659212
36,0,1.4770166848218944,129.0348556077377,0,1,2,2.6933098270045885,0,1.128435954066731,2,1,Obesity_Type_III,59.14747885158461
25,0,1.777290430983025,117.54987814836934,0,1,4,2.0371035121379553,0,0.45537325185919686,2,4,Obesity_Type_III,37.21391642955993
26,0,1.5601252131096963,161.28988851179048,1,1,4,2.207694730362543,1,1.2443952925602662,1,3,Obesity_Type_III,66.26561465441532
38,1,1.7614794196923993,109.4281082740675,0,3,2,1.8747664849859795,0,0.024274916630401044,3,4,Obesity_Type_III,35.267424441715036
58,1,1.5095531754329623,81.38560914876658,0,2,1,2.6461911605912674,3,0.9772877941975169,0,1,Obesity_Type_III,35.71501084068169
32,0,1.6259528298593324,104.39673339089802,0,1,2,2.8476544127293053,3,1.2884109636813845,1,1,Obesity_Type_III,39.48853529349692
59,1,1.8642652557682209,162.38717471696907,0,2,4,2.2782894762462913,0,1.836383546459468,0,0,Obesity_Type_III,46.72360183969129
49,1,1.6816373065763595,126.74166649916185,0,3,3,2.6415648983458078,0,0.7626716342445685,0,2,Obesity_Type_III,44.818234676866744
58,0,1.7827050698955882,123.66899337880844,0,1,1,1.1180066679982006,1,1.5303804059620596,3,0,Obesity_Type_III,38.913637294786454
21,1,1.7931527085951393,69.32588030546157,0,3,1,2.812223502893315,1,1.1953740598870015,3,4,Normal_Weight,21.560599871849224
42,0,1.8971901733132657,132.6939172126378,1,2,1,1.3778501336782492,0,1.8540242258501611,2,0,Obesity_Type_III,36.86627700132384
45,1,1.6222090810355199,133.53425051344323,1,1,2,1.5130408546516159,1,0.7967553513188612,3,1,Obesity_Type_III,50.74333614743213
57,0,1.8142666481687342,78.97841195576407,1,1,2,1.1066601364134925,2,0.638190679745976,2,3,Normal_Weight,23.99419384125987
31,1,1.9596563777344678,99.94794288122986,0,1,3,2.9308002339481183,0,1.7742839973882876,1,2,Overweight_Level_I,26.026394560310106
19,1,1.83702896720967,76.12001995049746,1,1,3,2.704021698976753,1,0.09848880281657824,0,1,Normal_Weight,22.556249219035173
31,0,1.7096313526604046,71.59683886086012,0,2,1,2.8263692081821676,3,0.2727707858673536,3,3,Normal_Weight,24.49564618285503
32,0,1.7842802455807225,42.26290485143513,0,1,3,2.69443233552003,0,0.1648088691680889,1,4,Insufficient_Weight,13.2749596441539
35,0,1.8420319358144472,74.93667982631985,0,3,2,1.9590611054425777,0,1.6862199131528053,2,4,Normal_Weight,22.085138967927524
50,0,1.7745061558177524,108.80021368466264,0,1,3,2.848163868181527,3,0.021214846740638782,3,4,Obesity_Type_II,34.55212226216057
45,1,1.4588381811496147,39.201749631177634,1,2,2,2.9389456408543766,3,1.7233143109940963,0,0,Insufficient_Weight,18.420067108475905
54,1,1.5532299537742296,74.6856045600181,0,1,3,2.0051339535787953,1,0.9025355907425336,1,4,Obesity_Type_II,30.957464697321964
16,0,1.879548155124197,150.05770187272952,0,2,4,1.3512495626576764,3,0.008050557707941497,3,4,Obesity_Type_III,42.47675942943853
41,1,1.5945048430756168,113.79972172352747,1,2,2,2.3172450179261888,2,0.8032903544240837,3,0,Obesity_Type_III,44.759941958881264
23,0,1.8377279233674009,115.59071583420354,1,3,4,2.950876579707141,0,0.37360168209007116,1,3,Obesity_Type_II,34.22634507936439
48,0,1.6472237140781003,89.82390243332051,1,1,2,2.74429371971775,2,1.248800974944326,2,1,Obesity_Type_II,33.10447824116693
42,1,1.72659869392371,124.23549008004379,0,1,3,2.7236303522918153,1,1.358717579843293,2,2,Obesity_Type_III,41.67377680380593
28,1,1.486025848904284,62.93152854502525,1,1,4,2.867636033614564,3,0.9750551408099997,3,4,Obesity_Type_I,28.498076810137444
46,0,1.546049547356346,142.16209810840814,0,3,3,2.7879045211050943,0,0.08103905087933994,2,4,Obesity_Type_III,59.47535028149708
20,0,1.9573143906651942,53.70282911192338,0,3,2,2.5525633280365856,3,1.3122576087344038,2,4,Insufficient_Weight,14.017675011719938
25,0,1.9217731683268644,121.65617068629177,1,2,4,2.4365456643236545,3,1.6840775672110424,1,0,Obesity_Type_II,32.940477569750556
43,1,1.7957058087764965,81.98481505328007,1,2,1,1.5295343474895087,1,1.440648554652803,2,0,Overweight_Level_II,25.42512204364521
34,1,1.6936116366144407,133.18663429339207,1,2,3,2.2426800428568985,1,1.6599158379106371,2,0,Obesity_Type_III,46.43366739045325
44,1,1.8081534852344685,108.27033345951851,0,3,2,2.042977243411779,1,0.40101904710177494,1,2,Obesity_Type_II,33.11607738042079
37,1,1.7778634532197877,95.99648284831824,0,3,4,2.723888183161982,1,1.7777758793129652,3,1,Obesity_Type_II,30.37095977961
33,0,1.7513326954704445,60.34722266374912,0,3,3,1.983425146980144,0,0.6443869012959256,3,4,Normal_Weight,19.67523718231962
50,0,1.4813638480876772,119.23950449982846,0,2,4,1.2554855270853782,2,0.026809628503982053,1,3,Obesity_Type_III,54.33712790718476
17,0,1.7853853836505986,161.82100027097204,0,3,3,1.0099449706446983,2,1.6867832926581414,0,4,Obesity_Type_III,50.765764563287384
41,0,1.8575276236227192,143.0260315382839,0,2,3,2.3557462409373304,0,1.8836425379294535,1,4,Obesity_Type_III,41.4519081136504
57,0,1.976863276962155,46.561032266215484,1,2,3,2.099816774254323,3,1.3111163948346976,0,4,Insufficient_Weight,11.914321976480466
33,0,1.4558716328749841,86.40490167351007,0,1,4,1.6619258087168967,0,0.46287326092684933,2,4,Obesity_Type_III,40.765447321325766
37,1,1.8369919302546585,155.62345915797425,1,1,4,1.3379443000757807,2,0.5034889285650608,3,1,Obesity_Type_III,46.11694899157346
45,1,1.7530483374460697,102.3835121921847,1,1,3,1.9334306448078042,2,0.933185746871239,0,3,Obesity_Type_II,33.315185915045745
54,0,1.680047653322907,122.42609005183057,1,2,1,1.2005729449578113,0,1.795662159202839,0,0,Obesity_Type_III,43.37413020738429
49,0,1.5176121925228265,153.98751754451519,1,1,1,1.6722169784422862,1,0.29919531229511676,2,3,Obesity_Type_III,66.85961995908109
47,1,1.6668151287764843,149.09813099290497,1,1,1,1.7584238124712688,3,1.651947339166974,3,4,Obesity_Type_III,53.66576593221853
49,1,1.6378199069826516,102.22936731810438,0,1,2,1.9312373896759243,0,0.5826056174103007,2,3,Obesity_Type_III,38.11038903180026
15,1,1.6104998411587332,94.14343413485787,0,3,1,1.9332415026776937,2,1.6171723388581958,3,4,Obesity_Type_III,36.29682718234232
28,1,1.83736620036077,81.80126992842797,0,2,4,1.5140112869485545,1,1.8405423952030773,3,3,Normal_Weight,24.230847260626234
47,0,1.8213845262806598,129.59644983852428,0,1,1,2.700421963203975,3,0.8549877439886404,2,2,Obesity_Type_III,39.06517906105655
49,0,1.7621806482198832,75.16033673341445,1,3,4,1.7110870125134912,2,0.7301013082110617,0,3,Normal_Weight,24.204039995231817
19,0,1.9474923510454873,70.48583841029341,1,3,2,1.4591746177850327,3,1.6044426379426036,1,0,Normal_Weight,18.58447720982549
52,0,1.6354228236158528,83.88748672007628,1,3,4,1.3516197668211805,1,1.058965764758788,3,0,Obesity_Type_II,31.364406528534374
55,0,1.5792150269863952,61.32909716672779,0,1,4,1.6451567890066712,2,1.3688980969263942,3,3,Normal_Weight,24.591444261118514
25,1,1.7976287559421518,126.58509680916669,0,3,4,1.1351057659550687,1,1.245658473922359,1,3,Obesity_Type_III,39.17261504314672
16,0,1.5553714522968236,116.64632181565715,0,2,1,1.0658150459619433,0,0.30577769128959265,1,1,Obesity_Type_III,48.217290452485955
58,1,1.616955568807215,99.84269529859628,0,3,3,2.2102843936057353,0,1.6895807205791233,2,3,Obesity_Type_III,38.1874029337218
31,0,1.5690392932396888,88.18104818695588,1,3,4,2.23829427209838,3,0.3915502228262724,3,0,Obesity_Type_III,35.818518381773316
53,0,1.4866513908908057,153.54188040498815,1,3,1,2.0591764052765793,1,1.8645642881415616,2,2,Obesity_Type_III,69.47180328209932
34,0,1.888574333066907,42.66959690862726,0,3,1,2.524570390463449,1,0.5011425828442957,1,0,Insufficient_Weight,11.963282936087333
28,0,1.5849064877484804,135.9075756819197,0,2,1,1.078301088554156,3,1.4677619465474838,2,1,Obesity_Type_III,54.10487266220908
46,0,1.700704576771801,152.64060604035998,1,1,3,2.8719462164189355,3,0.5693107869871841,3,3,Obesity_Type_III,52.7730653093189
48,1,1.4729570948247852,95.24067700817068,1,2,3,1.190130246514121,3,0.6355708171737278,0,2,Obesity_Type_III,43.89775199750027
39,1,1.8206499171139008,108.38700192530149,1,2,3,2.348045988787187,0,0.6200037055646106,0,0,Obesity_Type_II,32.69823510288641
21,1,1.625197331222334,158.00242467313677,1,1,3,1.2667931778816186,3,1.4957845080521666,3,2,Obesity_Type_III,59.82070825654075
49,0,1.8447104657494813,65.74696692597482,0,3,2,2.7598108666155845,0,1.1136302359387862,2,4,Normal_Weight,19.320541715597848
43,0,1.668573622047969,104.5369908208703,1,1,3,2.0214265738900625,3,1.7659049116949943,1,0,Obesity_Type_III,37.54734620438901
36,1,1.553750471394981,98.81486201815483,1,1,3,1.164587082035952,1,0.6147454384080897,1,4,Obesity_Type_III,40.93169428136371
55,0,1.721982793609479,71.55747363166662,1,2,3,2.233448225400147,1,1.3839850441134887,0,2,Normal_Weight,24.132226009883983
57,0,1.519167416607843,142.14274702701158,1,1,4,1.0182198877644033,3,1.5058971993262213,2,3,Obesity_Type_III,61.590457529715145
27,1,1.6834857547326871,152.34967494016772,0,3,4,2.552044356880489,3,0.30296422605991635,1,3,Obesity_Type_III,53.75546713737761
27,0,1.6181719030328579,137.5235050533143,0,2,3,2.3011699732922466,0,0.8011787146396223,1,3,Obesity_Type_III,52.52035107749132
15,1,1.9333385796258056,63.615229066924655,0,3,2,1.4252494987270146,2,0.9656349887008222,3,4,Insufficient_Weight,17.01943978425502
50,0,1.4822922225119814,49.93032807317408,0,2,4,1.7495018323521874,0,0.7113747797887486,2,3,Normal_Weight,22.724626809773007
18,1,1.8178292294760432,115.28600514847314,0,3,1,1.0156133889777805,1,0.6442251919382762,2,1,Obesity_Type_II,34.88754629569253
51,0,1.546858117973341,46.193939824245376,0,1,4,2.38736762994241,3,1.3728397879952838,1,0,Normal_Weight,19.305632846965512
58,0,1.6190938893960871,123.7760619583186,1,1,1,1.6453362750194385,1,0.4317327953189771,2,0,Obesity_Type_III,47.21636981133191
54,1,1.6702224534228949,105.83345176123258,1,1,4,2.143177830593438,2,1.4187814905022575,2,2,Obesity_Type_III,37.93799066585657
60,0,1.9312479973687364,122.51100232570161,1,3,3,2.913455255828926,0,1.870088392781461,2,4,Obesity_Type_II,32.847248813404654
27,0,1.5785664810191273,113.36151747986774,1,2,4,1.59893342589517,1,1.1303950423555023,3,0,Obesity_Type_III,45.492509783211325
52,1,1.4983936653486751,92.26052376042378,0,2,3,2.9804757681746366,0,1.2228684734789481,1,4,Obesity_Type_III,41.09264148017808
38,0,1.6189054901149775,64.31052469766877,1,2,3,2.265456772015133,3,0.13786540424817817,0,2,Normal_Weight,24.537994296920424
33,1,1.5054782643838327,77.51846911212155,0,1,4,1.48417733257101,1,1.7289538072356565,2,3,Obesity_Type_II,34.202370562786164
15,0,1.5181561375590928,105.08707235159103,1,3,1,1.8735557660425155,2,0.570895574399731,1,2,Obesity_Type_III,45.594915349069865
52,0,1.754140816926764,121.13537979959834,1,2,1,2.4809062447671795,0,1.2301023310571297,0,1,Obesity_Type_III,39.367886220325495
19,0,1.4822780245427314,137.2148601274506,1,3,4,1.8929558153661625,0,1.9582243394896046,3,3,Obesity_Type_III,62.45134658963236
30,0,1.46639336713859,135.66351052458168,0,2,3,1.1370151346831048,2,1.1910052011456156,1,3,Obesity_Type_III,63.090224951843396
38,1,1.8286394737793639,161.55878165089675,1,1,1,1.3372073227650847,1,1.4494189749287552,3,3,Obesity_Type_III,48.314155038813986
41,0,1.6416729602657536,75.01602253158958,0,3,2,2.582595491567891,1,0.8906392364475038,1,2,Obesity_Type_I,27.83432817177289
15,1,1.5164489350939527,47.95994923489303,0,2,3,2.296746151436123,0,0.12073168703011472,3,1,Normal_Weight,20.855621375651058
48,0,1.5844147685556453,82.55277387827427,1,2,4,2.1396509546642672,2,1.595198698979577,1,4,Obesity_Type_II,32.88470171951415
50,0,1.7903058488967716,132.65510387823366,0,2,3,1.3352439415108026,0,0.06999768252797134,3,2,Obesity_Type_III,41.387529473011455
18,0,1.596034380584651,94.20206803019519,0,2,2,2.6755148907006787,0,1.4013156577757082,0,0,Obesity_Type_III,36.98077022609905
14,0,1.7120961963138162,142.04134225426685,1,1,2,2.9214802191725004,3,0.045843146299273885,1,0,Obesity_Type_III,48.45721417871839
53,1,1.5144985125651362,108.21512201343789,1,2,1,1.081774194981339,1,1.7246104731533412,0,2,Obesity_Type_III,47.179165099968785
25,1,1.761689627930887,156.1537570514434,1,2,2,1.1560637413077106,1,0.31527207166596116,2,4,Obesity_Type_III,50.314555810252195
49,1,1.6175211724369298,158.43079369188268,1,1,3,2.7694490066291295,3,1.0285429908851023,0,0,Obesity_Type_III,60.553555678022505
58,1,1.7822932703002197,47.73236775836234,1,2,1,2.6311045080642566,1,1.1943014089662947,1,4,Insufficient_Weight,15.026389551131384
36,0,1.878449287621132,96.50809340376546,1,3,2,2.235868911022587,1,0.9150908147468242,0,3,Overweight_Level_II,27.35046950814646
60,1,1.774172602276696,115.82082171744557,0,3,1,2.889930417972276,1,0.6815269786977745,1,2,Obesity_Type_III,36.79551663478453
44,1,1.606746208175361,71.23994014233881,1,2,1,2.2928611559840064,2,0.9356285923619434,3,3,Obesity_Type_I,27.594909782160922
24,0,1.5855441618205992,90.2916742017515,1,1,4,1.4319705514590066,3,0.6228315077623174,2,0,Obesity_Type_III,35.91625283675471
23,0,1.6235331081287274,124.38787418082998,0,1,1,2.4572846474338004,0,0.8762446941617263,0,4,Obesity_Type_III,47.19062690277278
16,0,1.5372488720153474,67.56851258919355,1,1,1,2.2914206894912743,2,0.7178259819960613,2,3,Obesity_Type_I,28.592754319823612
27,0,1.5460210809505106,114.849650474781,0,2,2,2.971489404020059,0,1.1324096470142906,0,0,Obesity_Type_III,48.050604407720954
29,1,1.869066284007089,126.87842634870256,1,2,3,1.4277914727495835,3,0.47584832448996695,1,1,Obesity_Type_III,36.31937587509598
23,1,1.6539082655489459,50.40253519807921,1,3,3,2.195769872725198,3,1.977313109828025,0,3,Insufficient_Weight,18.425935489108024
42,0,1.6810774457024105,101.68869381945905,0,1,2,2.560335044450245,3,1.0017399067643311,2,1,Obesity_Type_III,35.982988166655836
23,0,1.76484621675041,72.14808377044804,1,2,3,1.6779661786763416,1,0.3883241548290193,0,1,Normal_Weight,23.163867085272727
25,0,1.7625163524303202,130.2726808557536,0,2,1,1.7593591661964754,2,0.9541334991345449,2,0,Obesity_Type_III,41.93600355913978
43,1,1.4857097419066205,62.8839940756545,1,2,4,2.7758036766566416,3,1.7328302590496485,2,2,Obesity_Type_I,28.488670092149725
54,1,1.8907166167589629,151.4219773578014,1,1,1,1.8083897592177627,0,0.04361358624879119,1,4,Obesity_Type_III,42.358057058756856
14,0,1.5439830732086879,93.2986084013092,0,1,1,2.2494657037912287,1,1.3591082382145776,3,0,Obesity_Type_III,39.13723107100431
18,0,1.8332279671063245,63.94838181875174,1,3,4,2.7784762750536514,1,1.095935593587856,3,3,Normal_Weight,19.02815196623575
33,1,1.8595156237079282,94.19074634014149,1,1,2,1.4196531661811227,2,0.33911598874027105,0,4,Overweight_Level_I,27.24009230006452
21,0,1.8288967530683962,90.50171411387451,0,2,1,2.963754592705212,2,1.6349528786098413,2,2,Overweight_Level_I,27.056924332484034
56,0,1.756858152673697,93.0437888962075,1,3,1,2.4039070679406516,2,0.7377692447480113,1,0,Obesity_Type_II,30.14490993352718
25,1,1.4577427684677078,112.7807229806783,0,1,2,1.9922433882828896,1,0.5876040576310149,3,2,Obesity_Type_III,53.07293226969511
14,0,1.6409990109524804,104.66788933910573,1,1,1,1.8618411287019954,3,1.656250383713802,1,3,Obesity_Type_III,38.86841472313081
33,1,1.770564897562168,57.87191859179374,0,1,1,2.908729231103009,0,1.2770500923833292,1,0,Insufficient_Weight,18.460530654615884
41,0,1.6553491868389454,47.26296315347618,1,1,3,1.4114496550593327,3,1.7965181673496489,2,3,Insufficient_Weight,17.248117680726544
56,0,1.907644344303791,130.9063465395441,0,2,2,1.6233665136919226,0,1.2597674073423988,0,4,Obesity_Type_III,35.97210759157105
50,1,1.613665205935296,109.5243969269675,0,1,1,1.6155855110958495,3,1.4816353158642306,2,4,Obesity_Type_III,42.06142682654773
60,1,1.60557344000309,84.23409677798723,1,2,1,1.578012669468927,2,1.6728917925192257,3,2,Obesity_Type_II,32.67590109417882
50,0,1.5909787773391086,140.8530856347573,1,2,4,1.9370760904313784,0,0.10947927181987382,3,2,Obesity_Type_III,55.646466529709315
25,1,1.6263738605492215,87.89536775688057,0,2,4,2.978358466535666,1,1.5520979177387606,1,4,Obesity_Type_II,33.22960787027605
50,0,1.7454246310865191,139.29160128967655,1,3,4,2.7775735334324345,0,1.2274129636991535,2,1,Obesity_Type_III,45.72173796431514
57,0,1.824718105964473,77.52527206655921,0,2,1,1.6558991366429723,1,0.13901559303038646,2,4,Normal_Weight,23.283686127688036
41,1,1.801160996401556,48.17850749069517,1,1,1,1.8457402314602753,3,1.0171558437374302,1,0,Insufficient_Weight,14.850746137966329
60,0,1.8780904445901843,156.51260141879106,1,3,4,2.3389614927718627,2,0.16491615596790776,0,3,Obesity_Type_III,44.37274579930297
28,0,1.9195344176136353,88.71344228945301,0,1,3,1.0343033613932282,0,1.4718944034464447,1,4,Normal_Weight,24.076736744759682
19,1,1.8825218924419762,138.87926417902162,0,2,3,2.6403073173712954,1,1.093003427795766,1,4,Obesity_Type_III,39.1883822813688
57,1,1.4600410637884078,74.17216078601037,1,1,3,2.759596114623839,3,1.9071470748245947,3,3,Obesity_Type_II,34.79451522193424
33,0,1.840036515382554,120.44200412758066,1,3,3,2.714400668649068,2,0.3662707431435397,2,3,Obesity_Type_III,35.57337660989818
27,1,1.5604517740177157,149.03717003047376,1,3,2,1.7501087737710723,2,1.2120669050407569,3,0,Obesity_Type_III,61.2059851922955
15,1,1.5204518626352308,44.24714681483752,1,1,4,1.9239990147284163,2,0.4231642691409827,1,3,Normal_Weight,19.13991132709125
22,1,1.7883990559435419,143.66010635044725,1,1,1,1.0247766438075117,3,1.2281299694547967,2,2,Obesity_Type_III,44.916646041762256
50,1,1.6194638935660783,110.98795862646301,0,1,4,1.7987906960871016,3,1.445299404721713,1,4,Obesity_Type_III,42.31879803936291
33,0,1.480272096586335,115.54144099247972,1,3,3,1.920853644733203,3,1.4446086586590772,1,3,Obesity_Type_III,52.72962396756139
39,0,1.5229437592311315,104.9179081015538,1,2,1,2.8139485861369575,2,1.6301479813652198,0,0,Obesity_Type_III,45.23576004808258
42,0,1.4504925909410793,149.18386301373894,0,1,2,2.787975347514495,0,1.7071004559166334,3,3,Obesity_Type_III,70.90727885234114
14,1,1.9287085224926948,44.47260301169032,0,2,4,2.9321941281758193,1,0.1545434525343541,3,4,Insufficient_Weight,11.955268952341964
48,1,1.4630475314358564,71.88957733351685,0,3,1,2.7702099701810408,3,0.6865343141448081,1,1,Obesity_Type_II,33.58528661056168
19,1,1.5610115578400408,149.34607989625357,1,1,1,1.0164014188552912,0,1.3742450407196114,0,3,Obesity_Type_III,61.28886662303662
50,1,1.6706192737645909,133.79555851902646,0,1,3,2.2829217046644397,1,0.9971725747824243,1,2,Obesity_Type_III,47.93875178343352
18,1,1.6389828027539342,41.223290182504336,0,3,3,1.1364753662060816,2,0.381351893509583,1,4,Insufficient_Weight,15.34595279894107
46,1,1.933214714763771,104.14279168442329,0,1,4,1.5451885727599708,0,1.105419140333396,1,0,Obesity_Type_I,27.86564057489535
27,1,1.4713531412393073,105.72615776979703,0,2,2,2.1566152589411605,2,0.8148713055322876,0,4,Obesity_Type_III,48.83695841575144
25,0,1.7214737950688372,89.5111490261167,1,3,1,2.4012276368150776,1,0.7800765553086102,2,1,Obesity_Type_II,30.20482333131646
55,0,1.8106541151379183,76.47155983981071,1,3,3,2.3092640518341905,3,1.6195074348713276,0,0,Normal_Weight,23.325392307276367
33,1,1.9437999260510195,124.8973311519551,1,1,4,1.0981167348172864,2,0.8151966676643625,1,1,Obesity_Type_II,33.05597990195502
37,1,1.7787967636255722,65.18159855279899,0,3,3,1.207207739139104,0,0.052909010960848324,2,1,Normal_Weight,20.600243123470687
56,1,1.8759902750862343,139.66751882103495,0,1,4,1.2571736258625468,3,0.11612667778218255,1,2,Obesity_Type_III,39.685718964069785
47,0,1.4943742170580345,140.18268225670144,0,1,3,1.1828287535393822,0,1.7124880833832405,0,3,Obesity_Type_III,62.773397350351885
38,0,1.6545479407965715,91.32294113417538,0,3,2,1.3564688465386445,1,1.9212016200250426,0,2,Obesity_Type_II,33.35962645776684
42,1,1.6481919812739056,74.7270493746156,0,1,1,2.3769755826231185,1,1.3768186729114151,2,2,Obesity_Type_I,27.50820426151709
52,1,1.9197327547215304,74.76865088042987,0,2,3,2.6616745023183057,3,0.7287365882001604,0,2,Normal_Weight,20.287941992518597
44,0,1.5302267207695357,99.76870682352248,1,2,1,1.8176277801468206,0,1.877200631589455,1,0,Obesity_Type_III,42.60717896546739
60,0,1.530499671338414,129.6669823184192,1,1,4,2.385563012856687,0,1.3256061727514716,2,3,Obesity_Type_III,55.355773350414296
56,0,1.624135819439473,84.2174550652262,0,2,2,1.400032522531653,0,1.6886670983986753,3,3,Obesity_Type_II,31.926949427253966
36,0,1.478867005104424,115.86546152767669,1,1,1,2.946560303266816,0,1.5317046080740186,1,0,Obesity_Type_III,52.9780241328097
57,1,1.5467027615458198,87.19304203340688,0,2,3,1.6999950457152366,1,0.7582786315451848,3,2,Obesity_Type_III,36.447530489490326
51,0,1.9615611084292395,77.3699218330743,0,3,1,2.6917338124096704,0,0.957404401701571,2,2,Normal_Weight,20.10798134401706
33,0,1.6769374881296015,42.13229900539007,1,1,1,2.890732745258774,1,0.372264308736199,2,1,Insufficient_Weight,14.982400789206146
36,1,1.7849701804638913,39.49317732265922,0,1,4,2.7294279257506044,0,0.5840282008814681,1,1,Insufficient_Weight,12.395388546617372
58,0,1.8348389674526575,67.62816740683256,1,1,2,1.1341353030805779,0,1.5562513225730434,0,4,Normal_Weight,20.087769170624373
29,0,1.6444895457138162,90.20719213692543,0,1,2,2.300614314614512,2,1.7879567837662165,1,1,Obesity_Type_II,33.35638139792281
55,0,1.528030349437574,146.2589070876196,0,1,1,1.2401814131431024,2,1.4489208465028236,0,3,Obesity_Type_III,62.64095403007622
21,1,1.5594879385975438,139.6090146092336,1,1,1,1.0113260010515934,0,0.9303473933132766,0,0,Obesity_Type_III,57.40496036100038
34,0,1.6160312325877235,72.66282308608672,0,3,4,1.1035668878861349,1,0.17301853787949506,1,2,Obesity_Type_I,27.823564496106247
14,1,1.7871162627866797,69.81209581602172,0,3,1,2.8322983928941143,0,0.11389589739689643,2,4,Normal_Weight,21.858736872648294
21,1,1.661088691017199,67.64258095482346,0,2,4,2.8169270285207872,2,0.7486511292257076,1,1,Normal_Weight,24.515148431426695
42,0,1.453611789887068,81.74390490663724,1,1,2,1.4516487755280676,0,0.9276434375353262,3,4,Obesity_Type_III,38.68641680630295
45,0,1.7274058080857602,101.77303866477236,0,2,2,2.0941224295972525,2,1.2182412444265938,2,0,Obesity_Type_II,34.107036860413686
51,0,1.9384020977109315,94.2721392759785,0,2,4,2.9100565245318526,0,0.01297904277399442,0,0,Overweight_Level_I,25.0897087678161
18,0,1.8804011338345998,66.50242304646821,0,3,1,1.993412259393525,3,1.9794457809326127,2,4,Normal_Weight,18.80773342225279
60,1,1.8873620267676046,55.43687765289587,1,2,2,1.7871556402915159,0,0.7278777668080858,1,4,Insufficient_Weight,15.562821486327326
35,0,1.8713807493312495,40.58480437326062,1,3,3,1.9664973880892491,1,1.6961893276022428,2,4,Insufficient_Weight,11.588817980077662
60,0,1.6215773375735245,58.39936807197948,1,2,4,2.580431523103888,2,1.0699334113308088,0,2,Normal_Weight,22.209194896910784
47,0,1.8555527318898277,127.8749026444589,1,1,2,1.9545552650664706,3,0.260878909066693,0,3,Obesity_Type_III,37.13972762792536
14,1,1.5258755196399323,69.69845973754344,1,2,2,2.5665553625647393,2,1.5951311050690438,2,1,Obesity_Type_I,29.935393395429063
39,0,1.7985895580562552,98.04382807531024,0,3,2,1.8633948912818659,2,1.4196541498397521,3,1,Obesity_Type_II,30.30791944484043
56,0,1.790031340343047,113.50394476432884,1,3,3,1.5040113424227657,1,1.054872169858456,0,1,Obesity_Type_III,35.423354541006084
23,1,1.4635519935175594,150.7419537567825,1,3,3,1.6529454596372413,0,1.02910618266756,3,4,Obesity_Type_III,70.37490613918197
43,1,1.8676241708031938,150.99574239757084,0,2,3,1.1556469292743319,1,0.17495921150185612,0,4,Obesity_Type_III,43.28981500110791
31,0,1.9287214957004193,132.96245044385122,1,2,1,1.9947622888185528,0,1.3116978971477482,2,4,Obesity_Type_III,35.74291504626276
30,0,1.591730097590217,43.42978099811118,0,3,4,1.296221849778046,3,1.8224903115085995,0,2,Insufficient_Weight,17.141498410086555
39,0,1.88056708381866,111.45887280476228,1,1,1,2.6230940126694655,1,0.18648983844271672,3,2,Obesity_Type_II,31.516427748493825
21,0,1.4936751650868325,138.1095173247698,0,1,3,1.8411811483137883,1,0.5270229012978098,3,2,Obesity_Type_III,61.90294162104524
60,0,1.767982964878365,41.17829364018377,0,2,4,2.5300046479834464,2,1.8046159468841976,2,2,Insufficient_Weight,13.17383422033462
53,1,1.7073928386271668,108.26026132072886,1,2,1,2.908920855077267,1,0.5686878196395866,3,0,Obesity_Type_III,37.136601723861546
25,1,1.73933947265377,147.0782823690397,1,3,1,2.6989558994264717,0,1.3078873443598527,3,2,Obesity_Type_III,48.616069416291246
40,0,1.940888756998703,98.73686155612563,0,2,1,2.902927359491639,1,1.0696363298862883,2,2,Overweight_Level_I,26.210664416043482
21,0,1.9117970810408322,39.5173815650785,0,2,3,2.1358730537414603,1,1.1926552100077241,0,2,Insufficient_Weight,10.81196352748068
38,1,1.8660943383370712,40.38768315028654,0,3,2,1.3306488679610837,3,0.8315778031545062,2,1,Insufficient_Weight,11.597963829561882
59,0,1.5950601825695365,91.49614071413257,0,3,4,2.8707919083674014,0,0.5999829411074222,0,1,Obesity_Type_III,35.96239676762295
17,0,1.9332638732036287,58.531092094511074,0,2,3,2.7370087811935417,2,0.09706690145933794,0,1,Insufficient_Weight,15.660454304896009
